Workbook

Sheet Order
P1: QTY L2 | Q1: QTY L3 Opt.
A2: Serial | B2: STL PN | C2: Supplier | D2: ADIENT PN | E2: DESCRIPTION | F2: unit | G2: L2 | H2: Driver | I2: Passenger | J2: Rearseat | K2: L3 Opt. | L2: Driver | M2: Passenger | N2: Rearseat | O2: MOQ | P2: =(31*48) -> 1488 | Q2: =(47*48) -> 2256 | R2: Diff with stock | S2: Diff with stock in MOQ | T2: MOQ Order L2 | U2: MOQ Order L3 OPT | V2: QTY after MOQ L2 | W2: QTY after MOQ L3 Opt | X2: Final order L2 | Y2: Final order L3 Opt. | Z2: non accumulative order | AA2: accumulative order
A3: 1 | B3: 9823868480 | C3: Adient Zaragoza | D3: 4207718-0-9 | E3: MANUAL - FRONT RIGHT SEAT BACKREST FRAME | F3: EA | G3: 1 | H3: 0 | I3: 1 | J3: 0 | K3: 1 | L3: 0 | M3: 1 | N3: 0 | O3: 20 | P3: =G3*$P$2 -> 1488 | Q3: =K3*$Q$2 -> 2256 | R3: =(P3+Q3)-Stock!E3 -> 898 | S3: =ROUNDUP(R3/O3,0) -> 45 | T3: =ROUNDUP($P$2/O3*G3,0) -> 75 | U3: =ROUNDUP($Q$2/O3*K3,0) -> 113 | V3: =T3*O3 -> 1500 | W3: =O3*U3 -> 2260 | X3: {=_xlfn.IFS(P3+Q3>Stock!E3,V3,P3+Q3<Stock!E3,"No need",Stock!E3=0,V3,P3+Q3=Stock!E3,"No need")} -> 1500 | Y3: {=_xlfn.IFS(P3+Q3>Stock!E3,W3,P3+Q3<Stock!E3,"No need",Stock!E3=0,W3,P3+Q3=Stock!E3,"No need")} -> 2260 | Z3: {=_xlfn.IFS(ISNUMBER(X3+Y3),X3+Y3,ISTEXT(X3&Y3),"No need")} -> 3760 | AA3: {=_xlfn.IFS(S3*O3>0,S3*O3,S3*O3<0,"No need",S3*O3=0,0)} -> 900
A4: 2 | B4: 9823868180 | C4: Adient Zaragoza | D4: 4812333-0-9 | E4: POWER - FRONT SEAT LEFT / RIGHT BACKREST FRAME - NON MEMO | F4: EA | G4: 0 | H4: 0 | I4: 0 | J4: 0 | K4: 1 | L4: 1 | M4: 0 | N4: 0 | O4: 20 | P4: =G4*$P$2 -> 0 | Q4: =K4*$Q$2 -> 2256 | R4: =(P4+Q4)-Stock!E4 -> 567 | S4: =ROUNDUP(R4/O4,0) -> 29 | T4: =ROUNDUP($P$2/O4*G4,0) -> 0 | U4: =ROUNDUP($Q$2/O4*K4,0) -> 113 | V4: =T4*O4 -> 0 | W4: =O4*U4 -> 2260 | X4: {=_xlfn.IFS(P4+Q4>Stock!E4,V4,P4+Q4<Stock!E4,"No need",Stock!E4=0,V4,P4+Q4=Stock!E4,"No need")} -> 0 | Y4: {=_xlfn.IFS(P4+Q4>Stock!E4,W4,P4+Q4<Stock!E4,"No need",Stock!E4=0,W4,P4+Q4=Stock!E4,"No need")} -> 2260 | Z4: {=_xlfn.IFS(ISNUMBER(X4+Y4),X4+Y4,ISTEXT(X4&Y4),"No need")} -> 2260 | AA4: {=_xlfn.IFS(S4*O4>0,S4*O4,S4*O4<0,"No need",S4*O4=0,0)} -> 580
A5: 3 | B5: 9823868280 | C5: Adient Zaragoza | D5: 4207618-0-9 | E5: MANUAL - FRONT LEFT SEAT BACKREST FRAME | F5: EA | G5: 1 | H5: 1 | I5: 0 | J5: 0 | K5: 0 | L5: 0 | M5: 0 | N5: 0 | O5: 20 | P5: =G5*$P$2 -> 1488 | Q5: =K5*$Q$2 -> 0 | R5: =(P5+Q5)-Stock!E5 -> 323 | S5: =ROUNDUP(R5/O5,0) -> 17 | T5: =ROUNDUP($P$2/O5*G5,0) -> 75 | U5: =ROUNDUP($Q$2/O5*K5,0) -> 0 | V5: =T5*O5 -> 1500 | W5: =O5*U5 -> 0 | X5: {=_xlfn.IFS(P5+Q5>Stock!E5,V5,P5+Q5<Stock!E5,"No need",Stock!E5=0,V5,P5+Q5=Stock!E5,"No need")} -> 1500 | Y5: {=_xlfn.IFS(P5+Q5>Stock!E5,W5,P5+Q5<Stock!E5,"No need",Stock!E5=0,W5,P5+Q5=Stock!E5,"No need")} -> 0 | Z5: {=_xlfn.IFS(ISNUMBER(X5+Y5),X5+Y5,ISTEXT(X5&Y5),"No need")} -> 1500 | AA5: {=_xlfn.IFS(S5*O5>0,S5*O5,S5*O5<0,"No need",S5*O5=0,0)} -> 340
A6: 4 | B6: 9832027580 | C6: Adient Zaragoza | D6: 4355899-0-9 | E6: 6WAY MANUAL - FRONT LHD PASSANGER SEAT CUSHION FRAME 6WAY MANUAL - FRONT RHD DRIVER SEAT CUSHION FRAME | F6: EA | G6: 1 | H6: 0 | I6: 1 | J6: 0 | K6: 1 | L6: 0 | M6: 1 | N6: 0 | O6: 12 | P6: =G6*$P$2 -> 1488 | Q6: =K6*$Q$2 -> 2256 | R6: =(P6+Q6)-Stock!E6 -> 906 | S6: =ROUNDUP(R6/O6,0) -> 76 | T6: =ROUNDUP($P$2/O6*G6,0) -> 124 | U6: =ROUNDUP($Q$2/O6*K6,0) -> 188 | V6: =T6*O6 -> 1488 | W6: =O6*U6 -> 2256 | X6: {=_xlfn.IFS(P6+Q6>Stock!E6,V6,P6+Q6<Stock!E6,"No need",Stock!E6=0,V6,P6+Q6=Stock!E6,"No need")} -> 1488 | Y6: {=_xlfn.IFS(P6+Q6>Stock!E6,W6,P6+Q6<Stock!E6,"No need",Stock!E6=0,W6,P6+Q6=Stock!E6,"No need")} -> 2256 | Z6: {=_xlfn.IFS(ISNUMBER(X6+Y6),X6+Y6,ISTEXT(X6&Y6),"No need")} -> 3744 | AA6: {=_xlfn.IFS(S6*O6>0,S6*O6,S6*O6<0,"No need",S6*O6=0,0)} -> 912
A7: 5 | B7: 9832021380 | C7: Adient Zaragoza | D7: 4812346-0-9 | E7: 6WAY HYBRID - FRONT LHD DRIVER SEAT CUSHION FRAME | F7: EA | G7: 0 | H7: 0 | I7: 0 | J7: 0 | K7: 1 | L7: 1 | M7: 0 | N7: 0 | O7: 12 | P7: =G7*$P$2 -> 0 | Q7: =K7*$Q$2 -> 2256 | R7: =(P7+Q7)-Stock!E7 -> 564 | S7: =ROUNDUP(R7/O7,0) -> 47 | T7: =ROUNDUP($P$2/O7*G7,0) -> 0 | U7: =ROUNDUP($Q$2/O7*K7,0) -> 188 | V7: =T7*O7 -> 0 | W7: =O7*U7 -> 2256 | X7: {=_xlfn.IFS(P7+Q7>Stock!E7,V7,P7+Q7<Stock!E7,"No need",Stock!E7=0,V7,P7+Q7=Stock!E7,"No need")} -> 0 | Y7: {=_xlfn.IFS(P7+Q7>Stock!E7,W7,P7+Q7<Stock!E7,"No need",Stock!E7=0,W7,P7+Q7=Stock!E7,"No need")} -> 2256 | Z7: {=_xlfn.IFS(ISNUMBER(X7+Y7),X7+Y7,ISTEXT(X7&Y7),"No need")} -> 2256 | AA7: {=_xlfn.IFS(S7*O7>0,S7*O7,S7*O7<0,"No need",S7*O7=0,0)} -> 564
A8: 6 | B8: 9832021180 | C8: Adient Zaragoza | D8: 4207871-0-9 | E8: 6WAY MANUAL - FRONT LHD DRIVER SEAT CUSHION FRAME 6WAY MANUAL - FRONT RHD PASSENGER SEAT CUSHION FRAME | F8: EA | G8: 1 | H8: 1 | I8: 0 | J8: 0 | K8: 0 | L8: 0 | M8: 0 | N8: 0 | O8: 12 | P8: =G8*$P$2 -> 1488 | Q8: =K8*$Q$2 -> 0 | R8: =(P8+Q8)-Stock!E8 -> 327 | S8: =ROUNDUP(R8/O8,0) -> 28 | T8: =ROUNDUP($P$2/O8*G8,0) -> 124 | U8: =ROUNDUP($Q$2/O8*K8,0) -> 0 | V8: =T8*O8 -> 1488 | W8: =O8*U8 -> 0 | X8: {=_xlfn.IFS(P8+Q8>Stock!E8,V8,P8+Q8<Stock!E8,"No need",Stock!E8=0,V8,P8+Q8=Stock!E8,"No need")} -> 1488 | Y8: {=_xlfn.IFS(P8+Q8>Stock!E8,W8,P8+Q8<Stock!E8,"No need",Stock!E8=0,W8,P8+Q8=Stock!E8,"No need")} -> 0 | Z8: {=_xlfn.IFS(ISNUMBER(X8+Y8),X8+Y8,ISTEXT(X8&Y8),"No need")} -> 1488 | AA8: {=_xlfn.IFS(S8*O8>0,S8*O8,S8*O8<0,"No need",S8*O8=0,0)} -> 336
A9: 7 | B9: 9833400580 | C9: Adient Zaragoza | D9: 4171294-0-8 | E9: REAR SEAT BACKREST FRAME 40% | F9: EA | G9: 1 | H9: 0 | I9: 0 | J9: 1 | K9: 1 | L9: 0 | M9: 0 | N9: 1 | O9: 36 | P9: =G9*$P$2 -> 1488 | Q9: =K9*$Q$2 -> 2256 | R9: =(P9+Q9)-Stock!E9 -> 895 | S9: =ROUNDUP(R9/O9,0) -> 25 | T9: =ROUNDUP($P$2/O9*G9,0) -> 42 | U9: =ROUNDUP($Q$2/O9*K9,0) -> 63 | V9: =T9*O9 -> 1512 | W9: =O9*U9 -> 2268 | X9: {=_xlfn.IFS(P9+Q9>Stock!E9,V9,P9+Q9<Stock!E9,"No need",Stock!E9=0,V9,P9+Q9=Stock!E9,"No need")} -> 1512 | Y9: {=_xlfn.IFS(P9+Q9>Stock!E9,W9,P9+Q9<Stock!E9,"No need",Stock!E9=0,W9,P9+Q9=Stock!E9,"No need")} -> 2268 | Z9: {=_xlfn.IFS(ISNUMBER(X9+Y9),X9+Y9,ISTEXT(X9&Y9),"No need")} -> 3780 | AA9: {=_xlfn.IFS(S9*O9>0,S9*O9,S9*O9<0,"No need",S9*O9=0,0)} -> 900
A10: 8 | B10: 9833208180 | C10: Adient Zaragoza | D10: 4171342-0-8 | E10: REAR SEAT BACKREST FRAME 60% W/ ARMREST | F10: EA | G10: 0 | H10: 0 | I10: 0 | J10: 0 | K10: 1 | L10: 0 | M10: 0 | N10: 1 | O10: 18 | P10: =G10*$P$2 -> 0 | Q10: =K10*$Q$2 -> 2256 | R10: =(P10+Q10)-Stock!E10 -> 564 | S10: =ROUNDUP(R10/O10,0) -> 32 | T10: =ROUNDUP($P$2/O10*G10,0) -> 0 | U10: =ROUNDUP($Q$2/O10*K10,0) -> 126 | V10: =T10*O10 -> 0 | W10: =O10*U10 -> 2268 | X10: {=_xlfn.IFS(P10+Q10>Stock!E10,V10,P10+Q10<Stock!E10,"No need",Stock!E10=0,V10,P10+Q10=Stock!E10,"No need")} -> 0 | Y10: {=_xlfn.IFS(P10+Q10>Stock!E10,W10,P10+Q10<Stock!E10,"No need",Stock!E10=0,W10,P10+Q10=Stock!E10,"No need")} -> 2268 | Z10: {=_xlfn.IFS(ISNUMBER(X10+Y10),X10+Y10,ISTEXT(X10&Y10),"No need")} -> 2268 | AA10: {=_xlfn.IFS(S10*O10>0,S10*O10,S10*O10<0,"No need",S10*O10=0,0)} -> 576
A11: 9 | B11: 9833208280 | C11: Adient Zaragoza | D11: 4171338-0-8 | E11: REAR SEAT BACKREST FRAME 60% W/O ARMREST | F11: EA | G11: 1 | H11: 0 | I11: 0 | J11: 1 | K11: 0 | L11: 0 | M11: 0 | N11: 0 | O11: 18 | P11: =G11*$P$2 -> 1488 | Q11: =K11*$Q$2 -> 0 | R11: =(P11+Q11)-Stock!E11 -> 331 | S11: =ROUNDUP(R11/O11,0) -> 19 | T11: =ROUNDUP($P$2/O11*G11,0) -> 83 | U11: =ROUNDUP($Q$2/O11*K11,0) -> 0 | V11: =T11*O11 -> 1494 | W11: =O11*U11 -> 0 | X11: {=_xlfn.IFS(P11+Q11>Stock!E11,V11,P11+Q11<Stock!E11,"No need",Stock!E11=0,V11,P11+Q11=Stock!E11,"No need")} -> 1494 | Y11: {=_xlfn.IFS(P11+Q11>Stock!E11,W11,P11+Q11<Stock!E11,"No need",Stock!E11=0,W11,P11+Q11=Stock!E11,"No need")} -> 0 | Z11: {=_xlfn.IFS(ISNUMBER(X11+Y11),X11+Y11,ISTEXT(X11&Y11),"No need")} -> 1494 | AA11: {=_xlfn.IFS(S11*O11>0,S11*O11,S11*O11<0,"No need",S11*O11=0,0)} -> 342
A12: 10 | B12: 9814491980 | C12: Adient Zaragoza | D12: 4171343-0-8 | E12: LATCH RH 40% | F12: EA | G12: 1 | H12: 0 | I12: 0 | J12: 1 | K12: 1 | L12: 0 | M12: 0 | N12: 1 | O12: 800 | P12: =G12*$P$2 -> 1488 | Q12: =K12*$Q$2 -> 2256 | R12: =(P12+Q12)-Stock!E12 -> 667 | S12: =ROUNDUP(R12/O12,0) -> 1 | T12: =ROUNDUP($P$2/O12*G12,0) -> 2 | U12: =ROUNDUP($Q$2/O12*K12,0) -> 3 | V12: =T12*O12 -> 1600 | W12: =O12*U12 -> 2400 | X12: {=_xlfn.IFS(P12+Q12>Stock!E12,V12,P12+Q12<Stock!E12,"No need",Stock!E12=0,V12,P12+Q12=Stock!E12,"No need")} -> 1600 | Y12: {=_xlfn.IFS(P12+Q12>Stock!E12,W12,P12+Q12<Stock!E12,"No need",Stock!E12=0,W12,P12+Q12=Stock!E12,"No need")} -> 2400 | Z12: {=_xlfn.IFS(ISNUMBER(X12+Y12),X12+Y12,ISTEXT(X12&Y12),"No need")} -> 4000 | AA12: {=_xlfn.IFS(S12*O12>0,S12*O12,S12*O12<0,"No need",S12*O12=0,0)} -> 800
A13: 11 | B13: 9814492580 | C13: Adient Zaragoza | D13: 4171348-0-8 | E13: LATCH LH 60% | F13: EA | G13: 1 | H13: 0 | I13: 0 | J13: 1 | K13: 1 | L13: 0 | M13: 0 | N13: 1 | O13: 800 | P13: =G13*$P$2 -> 1488 | Q13: =K13*$Q$2 -> 2256 | R13: =(P13+Q13)-Stock!E13 -> 673 | S13: =ROUNDUP(R13/O13,0) -> 1 | T13: =ROUNDUP($P$2/O13*G13,0) -> 2 | U13: =ROUNDUP($Q$2/O13*K13,0) -> 3 | V13: =T13*O13 -> 1600 | W13: =O13*U13 -> 2400 | X13: {=_xlfn.IFS(P13+Q13>Stock!E13,V13,P13+Q13<Stock!E13,"No need",Stock!E13=0,V13,P13+Q13=Stock!E13,"No need")} -> 1600 | Y13: {=_xlfn.IFS(P13+Q13>Stock!E13,W13,P13+Q13<Stock!E13,"No need",Stock!E13=0,W13,P13+Q13=Stock!E13,"No need")} -> 2400 | Z13: {=_xlfn.IFS(ISNUMBER(X13+Y13),X13+Y13,ISTEXT(X13&Y13),"No need")} -> 4000 | AA13: {=_xlfn.IFS(S13*O13>0,S13*O13,S13*O13<0,"No need",S13*O13=0,0)} -> 800
A14: 12 | B14: 9818614480 | C14: Adient Zaragoza | D14: 4171684-0-9 | E14: GUIDE APPUI-TETE SIEGE AV G (LISSE) FRONT - NON LOCKING BEZEL | F14: EA | G14: 0 | H14: 0 | I14: 0 | J14: 0 | K14: 5 | L14: 1 | M14: 1 | N14: 3 | O14: 1000 | P14: =G14*$P$2 -> 0 | Q14: =K14*$Q$2 -> 11280 | R14: =(P14+Q14)-Stock!E14 -> 2880 | S14: =ROUNDUP(R14/O14,0) -> 3 | T14: =ROUNDUP($P$2/O14*G14,0) -> 0 | U14: =ROUNDUP($Q$2/O14*K14,0) -> 12 | V14: =T14*O14 -> 0 | W14: =O14*U14 -> 12000 | X14: {=_xlfn.IFS(P14+Q14>Stock!E14,V14,P14+Q14<Stock!E14,"No need",Stock!E14=0,V14,P14+Q14=Stock!E14,"No need")} -> 0 | Y14: {=_xlfn.IFS(P14+Q14>Stock!E14,W14,P14+Q14<Stock!E14,"No need",Stock!E14=0,W14,P14+Q14=Stock!E14,"No need")} -> 12000 | Z14: {=_xlfn.IFS(ISNUMBER(X14+Y14),X14+Y14,ISTEXT(X14&Y14),"No need")} -> 12000 | AA14: {=_xlfn.IFS(S14*O14>0,S14*O14,S14*O14<0,"No need",S14*O14=0,0)} -> 3000
A15: 13 | B15: 9818614580 | C15: Adient Zaragoza | D15: 4171687-0-9 | E15: FRONT - LOCKING BEZEL | F15: EA | G15: 0 | H15: 0 | I15: 0 | J15: 0 | K15: 5 | L15: 1 | M15: 1 | N15: 3 | O15: 1000 | P15: =G15*$P$2 -> 0 | Q15: =K15*$Q$2 -> 11280 | R15: =(P15+Q15)-Stock!E15 -> 2870 | S15: =ROUNDUP(R15/O15,0) -> 3 | T15: =ROUNDUP($P$2/O15*G15,0) -> 0 | U15: =ROUNDUP($Q$2/O15*K15,0) -> 12 | V15: =T15*O15 -> 0 | W15: =O15*U15 -> 12000 | X15: {=_xlfn.IFS(P15+Q15>Stock!E15,V15,P15+Q15<Stock!E15,"No need",Stock!E15=0,V15,P15+Q15=Stock!E15,"No need")} -> 0 | Y15: {=_xlfn.IFS(P15+Q15>Stock!E15,W15,P15+Q15<Stock!E15,"No need",Stock!E15=0,W15,P15+Q15=Stock!E15,"No need")} -> 12000 | Z15: {=_xlfn.IFS(ISNUMBER(X15+Y15),X15+Y15,ISTEXT(X15&Y15),"No need")} -> 12000 | AA15: {=_xlfn.IFS(S15*O15>0,S15*O15,S15*O15<0,"No need",S15*O15=0,0)} -> 3000
A16: 14 | B16: 9811628680 | C16: Adient Zaragoza | D16: 4171695-0-9 | E16: TRACK END CAP | F16: EA | G16: 0 | H16: 0 | I16: 0 | J16: 0 | K16: 6 | L16: 3 | M16: 3 | N16: 0 | O16: 3200 | P16: =G16*$P$2 -> 0 | Q16: =K16*$Q$2 -> 13536 | R16: =(P16+Q16)-Stock!E16 -> 1736 | S16: =ROUNDUP(R16/O16,0) -> 1 | T16: =ROUNDUP($P$2/O16*G16,0) -> 0 | U16: =ROUNDUP($Q$2/O16*K16,0) -> 5 | V16: =T16*O16 -> 0 | W16: =O16*U16 -> 16000 | X16: {=_xlfn.IFS(P16+Q16>Stock!E16,V16,P16+Q16<Stock!E16,"No need",Stock!E16=0,V16,P16+Q16=Stock!E16,"No need")} -> 0 | Y16: {=_xlfn.IFS(P16+Q16>Stock!E16,W16,P16+Q16<Stock!E16,"No need",Stock!E16=0,W16,P16+Q16=Stock!E16,"No need")} -> 16000 | Z16: {=_xlfn.IFS(ISNUMBER(X16+Y16),X16+Y16,ISTEXT(X16&Y16),"No need")} -> 16000 | AA16: {=_xlfn.IFS(S16*O16>0,S16*O16,S16*O16<0,"No need",S16*O16=0,0)} -> 3200
A17: 15 | B17: 9824492180 | C17: Adient Zaragoza | D17: 4171702-0-9 | E17: LH - SIDE COVER - 6WAY MANUAL | F17: EA | G17: 1 | H17: 1 | I17: 0 | J17: 0 | K17: 0 | L17: 0 | M17: 0 | N17: 0 | O17: 360 | P17: =G17*$P$2 -> 1488 | Q17: =K17*$Q$2 -> 0 | R17: =(P17+Q17)-Stock!E17 -> 65 | S17: =ROUNDUP(R17/O17,0) -> 1 | T17: =ROUNDUP($P$2/O17*G17,0) -> 5 | U17: =ROUNDUP($Q$2/O17*K17,0) -> 0 | V17: =T17*O17 -> 1800 | W17: =O17*U17 -> 0 | X17: {=_xlfn.IFS(P17+Q17>Stock!E17,V17,P17+Q17<Stock!E17,"No need",Stock!E17=0,V17,P17+Q17=Stock!E17,"No need")} -> 1800 | Y17: {=_xlfn.IFS(P17+Q17>Stock!E17,W17,P17+Q17<Stock!E17,"No need",Stock!E17=0,W17,P17+Q17=Stock!E17,"No need")} -> 0 | Z17: {=_xlfn.IFS(ISNUMBER(X17+Y17),X17+Y17,ISTEXT(X17&Y17),"No need")} -> 1800 | AA17: {=_xlfn.IFS(S17*O17>0,S17*O17,S17*O17<0,"No need",S17*O17=0,0)} -> 360
A18: 16 | B18: 9824487880 | C18: Adient Zaragoza | D18: 4171705-0-9 | E18: RH - SIDE COVER - 6WAY MANUAL | F18: EA | G18: 1 | H18: 0 | I18: 1 | J18: 0 | K18: 0 | L18: 0 | M18: 0 | N18: 0 | O18: 360 | P18: =G18*$P$2 -> 1488 | Q18: =K18*$Q$2 -> 0 | R18: =(P18+Q18)-Stock!E18 -> 63 | S18: =ROUNDUP(R18/O18,0) -> 1 | T18: =ROUNDUP($P$2/O18*G18,0) -> 5 | U18: =ROUNDUP($Q$2/O18*K18,0) -> 0 | V18: =T18*O18 -> 1800 | W18: =O18*U18 -> 0 | X18: {=_xlfn.IFS(P18+Q18>Stock!E18,V18,P18+Q18<Stock!E18,"No need",Stock!E18=0,V18,P18+Q18=Stock!E18,"No need")} -> 1800 | Y18: {=_xlfn.IFS(P18+Q18>Stock!E18,W18,P18+Q18<Stock!E18,"No need",Stock!E18=0,W18,P18+Q18=Stock!E18,"No need")} -> 0 | Z18: {=_xlfn.IFS(ISNUMBER(X18+Y18),X18+Y18,ISTEXT(X18&Y18),"No need")} -> 1800 | AA18: {=_xlfn.IFS(S18*O18>0,S18*O18,S18*O18<0,"No need",S18*O18=0,0)} -> 360
A19: 17 | B19: 9824523980 | C19: Adient Zaragoza | D19: 4171756-0-9 | E19: RECLINER INNER COVER - LH | F19: EA | G19: 1 | H19: 1 | I19: 0 | J19: 0 | K19: 1 | L19: 1 | M19: 0 | N19: 0 | O19: 440 | P19: =G19*$P$2 -> 1488 | Q19: =K19*$Q$2 -> 2256 | R19: =(P19+Q19)-Stock!E19 -> 794 | S19: =ROUNDUP(R19/O19,0) -> 2 | T19: =ROUNDUP($P$2/O19*G19,0) -> 4 | U19: =ROUNDUP($Q$2/O19*K19,0) -> 6 | V19: =T19*O19 -> 1760 | W19: =O19*U19 -> 2640 | X19: {=_xlfn.IFS(P19+Q19>Stock!E19,V19,P19+Q19<Stock!E19,"No need",Stock!E19=0,V19,P19+Q19=Stock!E19,"No need")} -> 1760 | Y19: {=_xlfn.IFS(P19+Q19>Stock!E19,W19,P19+Q19<Stock!E19,"No need",Stock!E19=0,W19,P19+Q19=Stock!E19,"No need")} -> 2640 | Z19: {=_xlfn.IFS(ISNUMBER(X19+Y19),X19+Y19,ISTEXT(X19&Y19),"No need")} -> 4400 | AA19: {=_xlfn.IFS(S19*O19>0,S19*O19,S19*O19<0,"No need",S19*O19=0,0)} -> 880
A20: 18 | B20: 9824522580 | C20: Adient Zaragoza | D20: 4171759-0-9 | E20: RECLINER INNER COVER - RH | F20: EA | G20: 1 | H20: 0 | I20: 1 | J20: 0 | K20: 1 | L20: 0 | M20: 1 | N20: 0 | O20: 440 | P20: =G20*$P$2 -> 1488 | Q20: =K20*$Q$2 -> 2256 | R20: =(P20+Q20)-Stock!E20 -> 796 | S20: =ROUNDUP(R20/O20,0) -> 2 | T20: =ROUNDUP($P$2/O20*G20,0) -> 4 | U20: =ROUNDUP($Q$2/O20*K20,0) -> 6 | V20: =T20*O20 -> 1760 | W20: =O20*U20 -> 2640 | X20: {=_xlfn.IFS(P20+Q20>Stock!E20,V20,P20+Q20<Stock!E20,"No need",Stock!E20=0,V20,P20+Q20=Stock!E20,"No need")} -> 1760 | Y20: {=_xlfn.IFS(P20+Q20>Stock!E20,W20,P20+Q20<Stock!E20,"No need",Stock!E20=0,W20,P20+Q20=Stock!E20,"No need")} -> 2640 | Z20: {=_xlfn.IFS(ISNUMBER(X20+Y20),X20+Y20,ISTEXT(X20&Y20),"No need")} -> 4400 | AA20: {=_xlfn.IFS(S20*O20>0,S20*O20,S20*O20<0,"No need",S20*O20=0,0)} -> 880
A21: 19 | B21: 9825038780 | C21: Adient Zaragoza | D21: 4171763-0-9 | E21: RECLINER HANDWHEEL - HARD | F21: EA | G21: 2 | H21: 1 | I21: 1 | J21: 0 | K21: 0 | L21: 0 | M21: 0 | N21: 0 | O21: 840 | P21: =G21*$P$2 -> 2976 | Q21: =K21*$Q$2 -> 0 | R21: =(P21+Q21)-Stock!E21 -> 571 | S21: =ROUNDUP(R21/O21,0) -> 1 | T21: =ROUNDUP($P$2/O21*G21,0) -> 4 | U21: =ROUNDUP($Q$2/O21*K21,0) -> 0 | V21: =T21*O21 -> 3360 | W21: =O21*U21 -> 0 | X21: {=_xlfn.IFS(P21+Q21>Stock!E21,V21,P21+Q21<Stock!E21,"No need",Stock!E21=0,V21,P21+Q21=Stock!E21,"No need")} -> 3360 | Y21: {=_xlfn.IFS(P21+Q21>Stock!E21,W21,P21+Q21<Stock!E21,"No need",Stock!E21=0,W21,P21+Q21=Stock!E21,"No need")} -> 0 | Z21: {=_xlfn.IFS(ISNUMBER(X21+Y21),X21+Y21,ISTEXT(X21&Y21),"No need")} -> 3360 | AA21: {=_xlfn.IFS(S21*O21>0,S21*O21,S21*O21<0,"No need",S21*O21=0,0)} -> 840
A22: 20 | B22: 9825048280 | C22: Adient Zaragoza | D22: 5222357-0-9 | E22: RECLINER HANDWHEEL - SOFT | F22: EA | G22: 0 | H22: 0 | I22: 0 | J22: 0 | K22: 1 | L22: 0 | M22: 1 | N22: 0 | O22: 1800 | P22: =G22*$P$2 -> 0 | Q22: =K22*$Q$2 -> 2256 | R22: =(P22+Q22)-Stock!E22 -> 511 | S22: =ROUNDUP(R22/O22,0) -> 1 | T22: =ROUNDUP($P$2/O22*G22,0) -> 0 | U22: =ROUNDUP($Q$2/O22*K22,0) -> 2 | V22: =T22*O22 -> 0 | W22: =O22*U22 -> 3600 | X22: {=_xlfn.IFS(P22+Q22>Stock!E22,V22,P22+Q22<Stock!E22,"No need",Stock!E22=0,V22,P22+Q22=Stock!E22,"No need")} -> 0 | Y22: {=_xlfn.IFS(P22+Q22>Stock!E22,W22,P22+Q22<Stock!E22,"No need",Stock!E22=0,W22,P22+Q22=Stock!E22,"No need")} -> 3600 | Z22: {=_xlfn.IFS(ISNUMBER(X22+Y22),X22+Y22,ISTEXT(X22&Y22),"No need")} -> 3600 | AA22: {=_xlfn.IFS(S22*O22>0,S22*O22,S22*O22<0,"No need",S22*O22=0,0)} -> 1800
A23: 21 | B23: 9825013880 | C23: Adient Zaragoza | D23: 4171767-0-9 | E23: RECLINER HANDWHEEL CAP | F23: EA | G23: 0 | H23: 0 | I23: 0 | J23: 0 | K23: 1 | L23: 0 | M23: 1 | N23: 0 | O23: 954 | P23: =G23*$P$2 -> 0 | Q23: =K23*$Q$2 -> 2256 | R23: =(P23+Q23)-Stock!E23 -> 552 | S23: =ROUNDUP(R23/O23,0) -> 1 | T23: =ROUNDUP($P$2/O23*G23,0) -> 0 | U23: =ROUNDUP($Q$2/O23*K23,0) -> 3 | V23: =T23*O23 -> 0 | W23: =O23*U23 -> 2862 | X23: {=_xlfn.IFS(P23+Q23>Stock!E23,V23,P23+Q23<Stock!E23,"No need",Stock!E23=0,V23,P23+Q23=Stock!E23,"No need")} -> 0 | Y23: {=_xlfn.IFS(P23+Q23>Stock!E23,W23,P23+Q23<Stock!E23,"No need",Stock!E23=0,W23,P23+Q23=Stock!E23,"No need")} -> 2862 | Z23: {=_xlfn.IFS(ISNUMBER(X23+Y23),X23+Y23,ISTEXT(X23&Y23),"No need")} -> 2862 | AA23: {=_xlfn.IFS(S23*O23>0,S23*O23,S23*O23<0,"No need",S23*O23=0,0)} -> 954
A24: 22 | B24: 9846498080 | C24: Adient Zaragoza | D24: 6201578-0-9 | E24: MECHANICAL LUMBAR HANDWHEEL LH & RH CDPO OPTIMIZED RADIUS | F24: EA | G24: 1 | H24: 1 | I24: 0 | J24: 0 | K24: 0 | L24: 0 | M24: 0 | N24: 0 | O24: 720 | P24: =G24*$P$2 -> 1488 | Q24: =K24*$Q$2 -> 0 | R24: =(P24+Q24)-Stock!E24 -> 98 | S24: =ROUNDUP(R24/O24,0) -> 1 | T24: =ROUNDUP($P$2/O24*G24,0) -> 3 | U24: =ROUNDUP($Q$2/O24*K24,0) -> 0 | V24: =T24*O24 -> 2160 | W24: =O24*U24 -> 0 | X24: {=_xlfn.IFS(P24+Q24>Stock!E24,V24,P24+Q24<Stock!E24,"No need",Stock!E24=0,V24,P24+Q24=Stock!E24,"No need")} -> 2160 | Y24: {=_xlfn.IFS(P24+Q24>Stock!E24,W24,P24+Q24<Stock!E24,"No need",Stock!E24=0,W24,P24+Q24=Stock!E24,"No need")} -> 0 | Z24: {=_xlfn.IFS(ISNUMBER(X24+Y24),X24+Y24,ISTEXT(X24&Y24),"No need")} -> 2160 | AA24: {=_xlfn.IFS(S24*O24>0,S24*O24,S24*O24<0,"No need",S24*O24=0,0)} -> 720
A25: 23 | B25: 9846498180 | C25: Adient Zaragoza | D25: 6201620-0-9 | E25: MECHANICAL LUMBAR HANDWHEEL CAP LH & RH CDPO OPTIMIZED RADIUS | F25: EA | G25: 1 | H25: 1 | I25: 0 | J25: 0 | K25: 0 | L25: 0 | M25: 0 | N25: 0 | O25: 1200 | P25: =G25*$P$2 -> 1488 | Q25: =K25*$Q$2 -> 0 | R25: =(P25+Q25)-Stock!E25 -> -860 | S25: =ROUNDUP(R25/O25,0) -> -1 | T25: =ROUNDUP($P$2/O25*G25,0) -> 2 | U25: =ROUNDUP($Q$2/O25*K25,0) -> 0 | V25: =T25*O25 -> 2400 | W25: =O25*U25 -> 0 | X25: {=_xlfn.IFS(P25+Q25>Stock!E25,V25,P25+Q25<Stock!E25,"No need",Stock!E25=0,V25,P25+Q25=Stock!E25,"No need")} -> No need | Y25: {=_xlfn.IFS(P25+Q25>Stock!E25,W25,P25+Q25<Stock!E25,"No need",Stock!E25=0,W25,P25+Q25=Stock!E25,"No need")} -> No need | Z25: {=_xlfn.IFS(ISNUMBER(X25+Y25),X25+Y25,ISTEXT(X25&Y25),"No need")} -> No need | AA25: {=_xlfn.IFS(S25*O25>0,S25*O25,S25*O25<0,"No need",S25*O25=0,0)} -> No need
A26: 24 | B26: 9824596080 | C26: Adient Zaragoza | D26: 5872481-0-9 | E26: LH HEIGHT ADJUSTER MECHANISM LEVER 2,8° | F26: EA | G26: 1 | H26: 1 | I26: 0 | J26: 0 | K26: 0 | L26: 0 | M26: 0 | N26: 0 | O26: 2480 | P26: =G26*$P$2 -> 1488 | Q26: =K26*$Q$2 -> 0 | R26: =(P26+Q26)-Stock!E26 -> -952 | S26: =ROUNDUP(R26/O26,0) -> -1 | T26: =ROUNDUP($P$2/O26*G26,0) -> 1 | U26: =ROUNDUP($Q$2/O26*K26,0) -> 0 | V26: =T26*O26 -> 2480 | W26: =O26*U26 -> 0 | X26: {=_xlfn.IFS(P26+Q26>Stock!E26,V26,P26+Q26<Stock!E26,"No need",Stock!E26=0,V26,P26+Q26=Stock!E26,"No need")} -> No need | Y26: {=_xlfn.IFS(P26+Q26>Stock!E26,W26,P26+Q26<Stock!E26,"No need",Stock!E26=0,W26,P26+Q26=Stock!E26,"No need")} -> No need | Z26: {=_xlfn.IFS(ISNUMBER(X26+Y26),X26+Y26,ISTEXT(X26&Y26),"No need")} -> No need | AA26: {=_xlfn.IFS(S26*O26>0,S26*O26,S26*O26<0,"No need",S26*O26=0,0)} -> No need
A27: 25 | B27: 9824595680 | C27: Adient Zaragoza | D27: 5872489-0-9 | E27: RH HEIGHT ADJUSTER MECHANISM LEVER 2,8° | F27: EA | G27: 1 | H27: 0 | I27: 1 | J27: 0 | K27: 1 | L27: 0 | M27: 1 | N27: 0 | O27: 2480 | P27: =G27*$P$2 -> 1488 | Q27: =K27*$Q$2 -> 2256 | R27: =(P27+Q27)-Stock!E27 -> -1093 | S27: =ROUNDUP(R27/O27,0) -> -1 | T27: =ROUNDUP($P$2/O27*G27,0) -> 1 | U27: =ROUNDUP($Q$2/O27*K27,0) -> 1 | V27: =T27*O27 -> 2480 | W27: =O27*U27 -> 2480 | X27: {=_xlfn.IFS(P27+Q27>Stock!E27,V27,P27+Q27<Stock!E27,"No need",Stock!E27=0,V27,P27+Q27=Stock!E27,"No need")} -> No need | Y27: {=_xlfn.IFS(P27+Q27>Stock!E27,W27,P27+Q27<Stock!E27,"No need",Stock!E27=0,W27,P27+Q27=Stock!E27,"No need")} -> No need | Z27: {=_xlfn.IFS(ISNUMBER(X27+Y27),X27+Y27,ISTEXT(X27&Y27),"No need")} -> No need | AA27: {=_xlfn.IFS(S27*O27>0,S27*O27,S27*O27<0,"No need",S27*O27=0,0)} -> No need
A28: 26 | B28: 9824525980 | C28: Adient Zaragoza | D28: 4171865-0-9 | E28: LH HEIGHT ADJUSTER LEVER | F28: EA | G28: 1 | H28: 1 | I28: 0 | J28: 0 | K28: 0 | L28: 0 | M28: 0 | N28: 0 | O28: 640 | P28: =G28*$P$2 -> 1488 | Q28: =K28*$Q$2 -> 0 | R28: =(P28+Q28)-Stock!E28 -> 255 | S28: =ROUNDUP(R28/O28,0) -> 1 | T28: =ROUNDUP($P$2/O28*G28,0) -> 3 | U28: =ROUNDUP($Q$2/O28*K28,0) -> 0 | V28: =T28*O28 -> 1920 | W28: =O28*U28 -> 0 | X28: {=_xlfn.IFS(P28+Q28>Stock!E28,V28,P28+Q28<Stock!E28,"No need",Stock!E28=0,V28,P28+Q28=Stock!E28,"No need")} -> 1920 | Y28: {=_xlfn.IFS(P28+Q28>Stock!E28,W28,P28+Q28<Stock!E28,"No need",Stock!E28=0,W28,P28+Q28=Stock!E28,"No need")} -> 0 | Z28: {=_xlfn.IFS(ISNUMBER(X28+Y28),X28+Y28,ISTEXT(X28&Y28),"No need")} -> 1920 | AA28: {=_xlfn.IFS(S28*O28>0,S28*O28,S28*O28<0,"No need",S28*O28=0,0)} -> 640
A29: 27 | B29: 9849854680 | C29: Adient Zaragoza | D29: 4171869-0-9 | E29: RH HEIGHT ADJUSTER LEVER | F29: EA | G29: 1 | H29: 0 | I29: 1 | J29: 0 | K29: 1 | L29: 0 | M29: 1 | N29: 0 | O29: 640 | P29: =G29*$P$2 -> 1488 | Q29: =K29*$Q$2 -> 2256 | R29: =(P29+Q29)-Stock!E29 -> 652 | S29: =ROUNDUP(R29/O29,0) -> 2 | T29: =ROUNDUP($P$2/O29*G29,0) -> 3 | U29: =ROUNDUP($Q$2/O29*K29,0) -> 4 | V29: =T29*O29 -> 1920 | W29: =O29*U29 -> 2560 | X29: {=_xlfn.IFS(P29+Q29>Stock!E29,V29,P29+Q29<Stock!E29,"No need",Stock!E29=0,V29,P29+Q29=Stock!E29,"No need")} -> 1920 | Y29: {=_xlfn.IFS(P29+Q29>Stock!E29,W29,P29+Q29<Stock!E29,"No need",Stock!E29=0,W29,P29+Q29=Stock!E29,"No need")} -> 2560 | Z29: {=_xlfn.IFS(ISNUMBER(X29+Y29),X29+Y29,ISTEXT(X29&Y29),"No need")} -> 4480 | AA29: {=_xlfn.IFS(S29*O29>0,S29*O29,S29*O29<0,"No need",S29*O29=0,0)} -> 1280
A30: 28 | B30: 9824468880 | C30: Adient Zaragoza | D30: 4171380-0-8 | E30: LATCH COVER LH / RH | F30: EA | G30: 0 | H30: 0 | I30: 0 | J30: 0 | K30: 2 | L30: 0 | M30: 0 | N30: 2 | O30: 222 | P30: =G30*$P$2 -> 0 | Q30: =K30*$Q$2 -> 4512 | R30: =(P30+Q30)-Stock!E30 -> 1236 | S30: =ROUNDUP(R30/O30,0) -> 6 | T30: =ROUNDUP($P$2/O30*G30,0) -> 0 | U30: =ROUNDUP($Q$2/O30*K30,0) -> 21 | V30: =T30*O30 -> 0 | W30: =O30*U30 -> 4662 | X30: {=_xlfn.IFS(P30+Q30>Stock!E30,V30,P30+Q30<Stock!E30,"No need",Stock!E30=0,V30,P30+Q30=Stock!E30,"No need")} -> 0 | Y30: {=_xlfn.IFS(P30+Q30>Stock!E30,W30,P30+Q30<Stock!E30,"No need",Stock!E30=0,W30,P30+Q30=Stock!E30,"No need")} -> 4662 | Z30: {=_xlfn.IFS(ISNUMBER(X30+Y30),X30+Y30,ISTEXT(X30&Y30),"No need")} -> 4662 | AA30: {=_xlfn.IFS(S30*O30>0,S30*O30,S30*O30<0,"No need",S30*O30=0,0)} -> 1332
A31: 29 | B31: 9824456680 | C31: Adient Zaragoza | D31: 4171385-0-8 | E31: BELT EXIT COVER | F31: EA | G31: 1 | H31: 0 | I31: 0 | J31: 1 | K31: 1 | L31: 0 | M31: 0 | N31: 1 | O31: 104 | P31: =G31*$P$2 -> 1488 | Q31: =K31*$Q$2 -> 2256 | R31: =(P31+Q31)-Stock!E31 -> 876 | S31: =ROUNDUP(R31/O31,0) -> 9 | T31: =ROUNDUP($P$2/O31*G31,0) -> 15 | U31: =ROUNDUP($Q$2/O31*K31,0) -> 22 | V31: =T31*O31 -> 1560 | W31: =O31*U31 -> 2288 | X31: {=_xlfn.IFS(P31+Q31>Stock!E31,V31,P31+Q31<Stock!E31,"No need",Stock!E31=0,V31,P31+Q31=Stock!E31,"No need")} -> 1560 | Y31: {=_xlfn.IFS(P31+Q31>Stock!E31,W31,P31+Q31<Stock!E31,"No need",Stock!E31=0,W31,P31+Q31=Stock!E31,"No need")} -> 2288 | Z31: {=_xlfn.IFS(ISNUMBER(X31+Y31),X31+Y31,ISTEXT(X31&Y31),"No need")} -> 3848 | AA31: {=_xlfn.IFS(S31*O31>0,S31*O31,S31*O31<0,"No need",S31*O31=0,0)} -> 936
A32: 30 | B32: 9836802180 | C32: Adient Zaragoza | D32: 4171388-0-8 | E32: LATERAL OUTER PIVOT BRACKET COVER LH | F32: EA | G32: 1 | H32: 0 | I32: 0 | J32: 1 | K32: 1 | L32: 0 | M32: 0 | N32: 1 | O32: 108 | P32: =G32*$P$2 -> 1488 | Q32: =K32*$Q$2 -> 2256 | R32: =(P32+Q32)-Stock!E32 -> 861 | S32: =ROUNDUP(R32/O32,0) -> 8 | T32: =ROUNDUP($P$2/O32*G32,0) -> 14 | U32: =ROUNDUP($Q$2/O32*K32,0) -> 21 | V32: =T32*O32 -> 1512 | W32: =O32*U32 -> 2268 | X32: {=_xlfn.IFS(P32+Q32>Stock!E32,V32,P32+Q32<Stock!E32,"No need",Stock!E32=0,V32,P32+Q32=Stock!E32,"No need")} -> 1512 | Y32: {=_xlfn.IFS(P32+Q32>Stock!E32,W32,P32+Q32<Stock!E32,"No need",Stock!E32=0,W32,P32+Q32=Stock!E32,"No need")} -> 2268 | Z32: {=_xlfn.IFS(ISNUMBER(X32+Y32),X32+Y32,ISTEXT(X32&Y32),"No need")} -> 3780 | AA32: {=_xlfn.IFS(S32*O32>0,S32*O32,S32*O32<0,"No need",S32*O32=0,0)} -> 864
A33: 31 | B33: 9836802780 | C33: Adient Zaragoza | D33: 4171389-0-8 | E33: LATERAL OUTER PIVOT BRACKET COVER RH | F33: EA | G33: 1 | H33: 0 | I33: 0 | J33: 1 | K33: 1 | L33: 0 | M33: 0 | N33: 1 | O33: 108 | P33: =G33*$P$2 -> 1488 | Q33: =K33*$Q$2 -> 2256 | R33: =(P33+Q33)-Stock!E33 -> 861 | S33: =ROUNDUP(R33/O33,0) -> 8 | T33: =ROUNDUP($P$2/O33*G33,0) -> 14 | U33: =ROUNDUP($Q$2/O33*K33,0) -> 21 | V33: =T33*O33 -> 1512 | W33: =O33*U33 -> 2268 | X33: {=_xlfn.IFS(P33+Q33>Stock!E33,V33,P33+Q33<Stock!E33,"No need",Stock!E33=0,V33,P33+Q33=Stock!E33,"No need")} -> 1512 | Y33: {=_xlfn.IFS(P33+Q33>Stock!E33,W33,P33+Q33<Stock!E33,"No need",Stock!E33=0,W33,P33+Q33=Stock!E33,"No need")} -> 2268 | Z33: {=_xlfn.IFS(ISNUMBER(X33+Y33),X33+Y33,ISTEXT(X33&Y33),"No need")} -> 3780 | AA33: {=_xlfn.IFS(S33*O33>0,S33*O33,S33*O33<0,"No need",S33*O33=0,0)} -> 864
A34: 32 | B34: 9824521280 | C34: Adient Zaragoza | D34: 4171741-0-9 | E34: LH - SIDE COVER - 4WP+2WM LEFT POWER + LUMBAR | F34: EA | G34: 0 | H34: 0 | I34: 0 | J34: 0 | K34: 1 | L34: 1 | M34: 0 | N34: 0 | O34: 100 | P34: =G34*$P$2 -> 0 | Q34: =K34*$Q$2 -> 2256 | R34: =(P34+Q34)-Stock!E34 -> 518 | S34: =ROUNDUP(R34/O34,0) -> 6 | T34: =ROUNDUP($P$2/O34*G34,0) -> 0 | U34: =ROUNDUP($Q$2/O34*K34,0) -> 23 | V34: =T34*O34 -> 0 | W34: =O34*U34 -> 2300 | X34: {=_xlfn.IFS(P34+Q34>Stock!E34,V34,P34+Q34<Stock!E34,"No need",Stock!E34=0,V34,P34+Q34=Stock!E34,"No need")} -> 0 | Y34: {=_xlfn.IFS(P34+Q34>Stock!E34,W34,P34+Q34<Stock!E34,"No need",Stock!E34=0,W34,P34+Q34=Stock!E34,"No need")} -> 2300 | Z34: {=_xlfn.IFS(ISNUMBER(X34+Y34),X34+Y34,ISTEXT(X34&Y34),"No need")} -> 2300 | AA34: {=_xlfn.IFS(S34*O34>0,S34*O34,S34*O34<0,"No need",S34*O34=0,0)} -> 600
A35: 33 | B35: 9824488680 | C35: Adient Zaragoza | D35: 4171746-0-9 | E35: RH - SIDE COVER - 6WAY MANUAL W/ POWER + LUMBAR HYBRID | F35: EA | G35: 0 | H35: 0 | I35: 0 | J35: 0 | K35: 1 | L35: 0 | M35: 1 | N35: 0 | O35: 100 | P35: =G35*$P$2 -> 0 | Q35: =K35*$Q$2 -> 2256 | R35: =(P35+Q35)-Stock!E35 -> 511 | S35: =ROUNDUP(R35/O35,0) -> 6 | T35: =ROUNDUP($P$2/O35*G35,0) -> 0 | U35: =ROUNDUP($Q$2/O35*K35,0) -> 23 | V35: =T35*O35 -> 0 | W35: =O35*U35 -> 2300 | X35: {=_xlfn.IFS(P35+Q35>Stock!E35,V35,P35+Q35<Stock!E35,"No need",Stock!E35=0,V35,P35+Q35=Stock!E35,"No need")} -> 0 | Y35: {=_xlfn.IFS(P35+Q35>Stock!E35,W35,P35+Q35<Stock!E35,"No need",Stock!E35=0,W35,P35+Q35=Stock!E35,"No need")} -> 2300 | Z35: {=_xlfn.IFS(ISNUMBER(X35+Y35),X35+Y35,ISTEXT(X35&Y35),"No need")} -> 2300 | AA35: {=_xlfn.IFS(S35*O35>0,S35*O35,S35*O35<0,"No need",S35*O35=0,0)} -> 600
A36: 34 | B36: 9835223780 | C36: Adient Zaragoza | D36: 5324015-0-8 | E36: ARMREST END STOP BRACKET LH | F36: EA | G36: 0 | H36: 0 | I36: 0 | J36: 0 | K36: 1 | L36: 0 | M36: 0 | N36: 1 | O36: 1000 | P36: =G36*$P$2 -> 0 | Q36: =K36*$Q$2 -> 2256 | R36: =(P36+Q36)-Stock!E36 -> 123 | S36: =ROUNDUP(R36/O36,0) -> 1 | T36: =ROUNDUP($P$2/O36*G36,0) -> 0 | U36: =ROUNDUP($Q$2/O36*K36,0) -> 3 | V36: =T36*O36 -> 0 | W36: =O36*U36 -> 3000 | X36: {=_xlfn.IFS(P36+Q36>Stock!E36,V36,P36+Q36<Stock!E36,"No need",Stock!E36=0,V36,P36+Q36=Stock!E36,"No need")} -> 0 | Y36: {=_xlfn.IFS(P36+Q36>Stock!E36,W36,P36+Q36<Stock!E36,"No need",Stock!E36=0,W36,P36+Q36=Stock!E36,"No need")} -> 3000 | Z36: {=_xlfn.IFS(ISNUMBER(X36+Y36),X36+Y36,ISTEXT(X36&Y36),"No need")} -> 3000 | AA36: {=_xlfn.IFS(S36*O36>0,S36*O36,S36*O36<0,"No need",S36*O36=0,0)} -> 1000
A37: 35 | B37: 9835223380 | C37: Adient Zaragoza | D37: 5324123-0-8 | E37: ARMREST END STOP BRACKET RH | F37: EA | G37: 0 | H37: 0 | I37: 0 | J37: 0 | K37: 1 | L37: 0 | M37: 0 | N37: 1 | O37: 1000 | P37: =G37*$P$2 -> 0 | Q37: =K37*$Q$2 -> 2256 | R37: =(P37+Q37)-Stock!E37 -> 123 | S37: =ROUNDUP(R37/O37,0) -> 1 | T37: =ROUNDUP($P$2/O37*G37,0) -> 0 | U37: =ROUNDUP($Q$2/O37*K37,0) -> 3 | V37: =T37*O37 -> 0 | W37: =O37*U37 -> 3000 | X37: {=_xlfn.IFS(P37+Q37>Stock!E37,V37,P37+Q37<Stock!E37,"No need",Stock!E37=0,V37,P37+Q37=Stock!E37,"No need")} -> 0 | Y37: {=_xlfn.IFS(P37+Q37>Stock!E37,W37,P37+Q37<Stock!E37,"No need",Stock!E37=0,W37,P37+Q37=Stock!E37,"No need")} -> 3000 | Z37: {=_xlfn.IFS(ISNUMBER(X37+Y37),X37+Y37,ISTEXT(X37&Y37),"No need")} -> 3000 | AA37: {=_xlfn.IFS(S37*O37>0,S37*O37,S37*O37<0,"No need",S37*O37=0,0)} -> 1000
A38: 36 | B38: N/A | C38: Adient Zaragoza | D38: 4795975-0-8 | E38: SKILID FRT COVER ASM | F38: EA | G38: 0 | H38: 0 | I38: 0 | J38: 0 | K38: 1 | L38: 0 | M38: 0 | N38: 1 | O38: 126 | P38: =G38*$P$2 -> 0 | Q38: =K38*$Q$2 -> 2256 | R38: =(P38+Q38)-Stock!E38 -> -2180 | S38: =ROUNDUP(R38/O38,0) -> -18 | T38: =ROUNDUP($P$2/O38*G38,0) -> 0 | U38: =ROUNDUP($Q$2/O38*K38,0) -> 18 | V38: =T38*O38 -> 0 | W38: =O38*U38 -> 2268 | X38: {=_xlfn.IFS(P38+Q38>Stock!E38,V38,P38+Q38<Stock!E38,"No need",Stock!E38=0,V38,P38+Q38=Stock!E38,"No need")} -> No need | Y38: {=_xlfn.IFS(P38+Q38>Stock!E38,W38,P38+Q38<Stock!E38,"No need",Stock!E38=0,W38,P38+Q38=Stock!E38,"No need")} -> No need | Z38: {=_xlfn.IFS(ISNUMBER(X38+Y38),X38+Y38,ISTEXT(X38&Y38),"No need")} -> No need | AA38: {=_xlfn.IFS(S38*O38>0,S38*O38,S38*O38<0,"No need",S38*O38=0,0)} -> No need
A39: 37 | B39: N/A | C39: Adient Zaragoza | D39: 4170935-0-8 | E39: SKILID REAR COVER | F39: EA | G39: 0 | H39: 0 | I39: 0 | J39: 0 | K39: 1 | L39: 0 | M39: 0 | N39: 1 | O39: 396 | P39: =G39*$P$2 -> 0 | Q39: =K39*$Q$2 -> 2256 | R39: =(P39+Q39)-Stock!E39 -> 343 | S39: =ROUNDUP(R39/O39,0) -> 1 | T39: =ROUNDUP($P$2/O39*G39,0) -> 0 | U39: =ROUNDUP($Q$2/O39*K39,0) -> 6 | V39: =T39*O39 -> 0 | W39: =O39*U39 -> 2376 | X39: {=_xlfn.IFS(P39+Q39>Stock!E39,V39,P39+Q39<Stock!E39,"No need",Stock!E39=0,V39,P39+Q39=Stock!E39,"No need")} -> 0 | Y39: {=_xlfn.IFS(P39+Q39>Stock!E39,W39,P39+Q39<Stock!E39,"No need",Stock!E39=0,W39,P39+Q39=Stock!E39,"No need")} -> 2376 | Z39: {=_xlfn.IFS(ISNUMBER(X39+Y39),X39+Y39,ISTEXT(X39&Y39),"No need")} -> 2376 | AA39: {=_xlfn.IFS(S39*O39>0,S39*O39,S39*O39<0,"No need",S39*O39=0,0)} -> 396
A40: 38 | B40: N/A | C40: Adient Zaragoza | D40: 4232969-0-8 | E40: SKILID SUPPORT PLATE | F40: EA | G40: 0 | H40: 0 | I40: 0 | J40: 0 | K40: 1 | L40: 0 | M40: 0 | N40: 1 | O40: 218 | P40: =G40*$P$2 -> 0 | Q40: =K40*$Q$2 -> 2256 | R40: =(P40+Q40)-Stock!E40 -> 361 | S40: =ROUNDUP(R40/O40,0) -> 2 | T40: =ROUNDUP($P$2/O40*G40,0) -> 0 | U40: =ROUNDUP($Q$2/O40*K40,0) -> 11 | V40: =T40*O40 -> 0 | W40: =O40*U40 -> 2398 | X40: {=_xlfn.IFS(P40+Q40>Stock!E40,V40,P40+Q40<Stock!E40,"No need",Stock!E40=0,V40,P40+Q40=Stock!E40,"No need")} -> 0 | Y40: {=_xlfn.IFS(P40+Q40>Stock!E40,W40,P40+Q40<Stock!E40,"No need",Stock!E40=0,W40,P40+Q40=Stock!E40,"No need")} -> 2398 | Z40: {=_xlfn.IFS(ISNUMBER(X40+Y40),X40+Y40,ISTEXT(X40&Y40),"No need")} -> 2398 | AA40: {=_xlfn.IFS(S40*O40>0,S40*O40,S40*O40<0,"No need",S40*O40=0,0)} -> 436
A41: 39 | B41: 9862718380 | C41: Adient Zaragoza | D41: 6157189-E3P-9 | E41: FRONT SEAT HEADREST LH & RH - ML L3opt MANHATTEN HORIZON 10C | F41: EA | G41: 0 | H41: 0 | I41: 0 | J41: 0 | K41: 2 | L41: 1 | M41: 1 | N41: 0 | O41: 57 | P41: =G41*$P$2 -> 0 | Q41: =K41*$Q$2 -> 4512 | R41: =(P41+Q41)-Stock!E41 -> 1104 | S41: =ROUNDUP(R41/O41,0) -> 20 | T41: =ROUNDUP($P$2/O41*G41,0) -> 0 | U41: =ROUNDUP($Q$2/O41*K41,0) -> 80 | V41: =T41*O41 -> 0 | W41: =O41*U41 -> 4560 | X41: {=_xlfn.IFS(P41+Q41>Stock!E41,V41,P41+Q41<Stock!E41,"No need",Stock!E41=0,V41,P41+Q41=Stock!E41,"No need")} -> 0 | Y41: {=_xlfn.IFS(P41+Q41>Stock!E41,W41,P41+Q41<Stock!E41,"No need",Stock!E41=0,W41,P41+Q41=Stock!E41,"No need")} -> 4560 | Z41: {=_xlfn.IFS(ISNUMBER(X41+Y41),X41+Y41,ISTEXT(X41&Y41),"No need")} -> 4560 | AA41: {=_xlfn.IFS(S41*O41>0,S41*O41,S41*O41<0,"No need",S41*O41=0,0)} -> 1140
A42: 40 | B42: 9862719080 | C42: Adient Zaragoza | D42: 6156700-E3P-8 | E42: HEADREST CENTER - ML L3opt MANHATTEN HORIZON 10C | F42: EA | G42: 0 | H42: 0 | I42: 0 | J42: 0 | K42: 1 | L42: 0 | M42: 0 | N42: 1 | O42: 160 | P42: =G42*$P$2 -> 0 | Q42: =K42*$Q$2 -> 2256 | R42: =(P42+Q42)-Stock!E42 -> 557 | S42: =ROUNDUP(R42/O42,0) -> 4 | T42: =ROUNDUP($P$2/O42*G42,0) -> 0 | U42: =ROUNDUP($Q$2/O42*K42,0) -> 15 | V42: =T42*O42 -> 0 | W42: =O42*U42 -> 2400 | X42: {=_xlfn.IFS(P42+Q42>Stock!E42,V42,P42+Q42<Stock!E42,"No need",Stock!E42=0,V42,P42+Q42=Stock!E42,"No need")} -> 0 | Y42: {=_xlfn.IFS(P42+Q42>Stock!E42,W42,P42+Q42<Stock!E42,"No need",Stock!E42=0,W42,P42+Q42=Stock!E42,"No need")} -> 2400 | Z42: {=_xlfn.IFS(ISNUMBER(X42+Y42),X42+Y42,ISTEXT(X42&Y42),"No need")} -> 2400 | AA42: {=_xlfn.IFS(S42*O42>0,S42*O42,S42*O42<0,"No need",S42*O42=0,0)} -> 640
A43: 41 | B43: 9862718880 | C43: Adient Zaragoza | D43: 6156711-E3P-8 | E43: HEADREST OUTER LH / RH - ML L3opt MANHATTEN HORIZON 10C | F43: EA | G43: 0 | H43: 0 | I43: 0 | J43: 0 | K43: 2 | L43: 0 | M43: 0 | N43: 2 | O43: 100 | P43: =G43*$P$2 -> 0 | Q43: =K43*$Q$2 -> 4512 | R43: =(P43+Q43)-Stock!E43 -> 1152 | S43: =ROUNDUP(R43/O43,0) -> 12 | T43: =ROUNDUP($P$2/O43*G43,0) -> 0 | U43: =ROUNDUP($Q$2/O43*K43,0) -> 46 | V43: =T43*O43 -> 0 | W43: =O43*U43 -> 4600 | X43: {=_xlfn.IFS(P43+Q43>Stock!E43,V43,P43+Q43<Stock!E43,"No need",Stock!E43=0,V43,P43+Q43=Stock!E43,"No need")} -> 0 | Y43: {=_xlfn.IFS(P43+Q43>Stock!E43,W43,P43+Q43<Stock!E43,"No need",Stock!E43=0,W43,P43+Q43=Stock!E43,"No need")} -> 4600 | Z43: {=_xlfn.IFS(ISNUMBER(X43+Y43),X43+Y43,ISTEXT(X43&Y43),"No need")} -> 4600 | AA43: {=_xlfn.IFS(S43*O43>0,S43*O43,S43*O43<0,"No need",S43*O43=0,0)} -> 1200
A44: 42 | B44: 9862855780 | C44: Adient Zaragoza | D44: 6124684-E3P-8 | E44: REAR SEAT ARMREST - ML L3 option | F44: EA | G44: 0 | H44: 0 | I44: 0 | J44: 0 | K44: 1 | L44: 0 | M44: 0 | N44: 1 | O44: 96 | P44: =G44*$P$2 -> 0 | Q44: =K44*$Q$2 -> 2256 | R44: =(P44+Q44)-Stock!E44 -> 488 | S44: =ROUNDUP(R44/O44,0) -> 6 | T44: =ROUNDUP($P$2/O44*G44,0) -> 0 | U44: =ROUNDUP($Q$2/O44*K44,0) -> 24 | V44: =T44*O44 -> 0 | W44: =O44*U44 -> 2304 | X44: {=_xlfn.IFS(P44+Q44>Stock!E44,V44,P44+Q44<Stock!E44,"No need",Stock!E44=0,V44,P44+Q44=Stock!E44,"No need")} -> 0 | Y44: {=_xlfn.IFS(P44+Q44>Stock!E44,W44,P44+Q44<Stock!E44,"No need",Stock!E44=0,W44,P44+Q44=Stock!E44,"No need")} -> 2304 | Z44: {=_xlfn.IFS(ISNUMBER(X44+Y44),X44+Y44,ISTEXT(X44&Y44),"No need")} -> 2304 | AA44: {=_xlfn.IFS(S44*O44>0,S44*O44,S44*O44<0,"No need",S44*O44=0,0)} -> 576
A45: 43 | B45: 9862718180 | C45: Adient Zaragoza | D45: 6157178-EL2-9 | E45: FRONT SEAT HEADREST LH & RH - ML L2 VINYL BLACK MISTRAL 10m Griffine | F45: EA | G45: 2 | H45: 1 | I45: 1 | J45: 0 | K45: 0 | L45: 0 | M45: 0 | N45: 0 | O45: 57 | P45: =G45*$P$2 -> 2976 | Q45: =K45*$Q$2 -> 0 | R45: =(P45+Q45)-Stock!E45 -> 652 | S45: =ROUNDUP(R45/O45,0) -> 12 | T45: =ROUNDUP($P$2/O45*G45,0) -> 53 | U45: =ROUNDUP($Q$2/O45*K45,0) -> 0 | V45: =T45*O45 -> 3021 | W45: =O45*U45 -> 0 | X45: {=_xlfn.IFS(P45+Q45>Stock!E45,V45,P45+Q45<Stock!E45,"No need",Stock!E45=0,V45,P45+Q45=Stock!E45,"No need")} -> 3021 | Y45: {=_xlfn.IFS(P45+Q45>Stock!E45,W45,P45+Q45<Stock!E45,"No need",Stock!E45=0,W45,P45+Q45=Stock!E45,"No need")} -> 0 | Z45: {=_xlfn.IFS(ISNUMBER(X45+Y45),X45+Y45,ISTEXT(X45&Y45),"No need")} -> 3021 | AA45: {=_xlfn.IFS(S45*O45>0,S45*O45,S45*O45<0,"No need",S45*O45=0,0)} -> 684
A46: 44 | B46: 9862718980 | C46: Adient Zaragoza | D46: 6156698-EL2-8 | E46: HEADREST CENTER - ML L2 VINYL BLACK MISTRAL | F46: EA | G46: 1 | H46: 0 | I46: 0 | J46: 1 | K46: 0 | L46: 0 | M46: 0 | N46: 0 | O46: 160 | P46: =G46*$P$2 -> 1488 | Q46: =K46*$Q$2 -> 0 | R46: =(P46+Q46)-Stock!E46 -> 268 | S46: =ROUNDUP(R46/O46,0) -> 2 | T46: =ROUNDUP($P$2/O46*G46,0) -> 10 | U46: =ROUNDUP($Q$2/O46*K46,0) -> 0 | V46: =T46*O46 -> 1600 | W46: =O46*U46 -> 0 | X46: {=_xlfn.IFS(P46+Q46>Stock!E46,V46,P46+Q46<Stock!E46,"No need",Stock!E46=0,V46,P46+Q46=Stock!E46,"No need")} -> 1600 | Y46: {=_xlfn.IFS(P46+Q46>Stock!E46,W46,P46+Q46<Stock!E46,"No need",Stock!E46=0,W46,P46+Q46=Stock!E46,"No need")} -> 0 | Z46: {=_xlfn.IFS(ISNUMBER(X46+Y46),X46+Y46,ISTEXT(X46&Y46),"No need")} -> 1600 | AA46: {=_xlfn.IFS(S46*O46>0,S46*O46,S46*O46<0,"No need",S46*O46=0,0)} -> 320
A47: 45 | B47: 9862718780 | C47: Adient Zaragoza | D47: 6156709-EL2-8 | E47: HEADREST OUTER LH / RH - ML L2 VINYL BLACK MISTRAL | F47: EA | G47: 2 | H47: 0 | I47: 0 | J47: 2 | K47: 0 | L47: 0 | M47: 0 | N47: 0 | O47: 100 | P47: =G47*$P$2 -> 2976 | Q47: =K47*$Q$2 -> 0 | R47: =(P47+Q47)-Stock!E47 -> 583 | S47: =ROUNDUP(R47/O47,0) -> 6 | T47: =ROUNDUP($P$2/O47*G47,0) -> 30 | U47: =ROUNDUP($Q$2/O47*K47,0) -> 0 | V47: =T47*O47 -> 3000 | W47: =O47*U47 -> 0 | X47: {=_xlfn.IFS(P47+Q47>Stock!E47,V47,P47+Q47<Stock!E47,"No need",Stock!E47=0,V47,P47+Q47=Stock!E47,"No need")} -> 3000 | Y47: {=_xlfn.IFS(P47+Q47>Stock!E47,W47,P47+Q47<Stock!E47,"No need",Stock!E47=0,W47,P47+Q47=Stock!E47,"No need")} -> 0 | Z47: {=_xlfn.IFS(ISNUMBER(X47+Y47),X47+Y47,ISTEXT(X47&Y47),"No need")} -> 3000 | AA47: {=_xlfn.IFS(S47*O47>0,S47*O47,S47*O47<0,"No need",S47*O47=0,0)} -> 600
A48: 46 | B48: 9830741180 | C48: Adient Zaragoza | D48: 4178137-0-9 | E48: HARNESS - LHD PASSANGER - 6WAY MANUAL - SAB+SBR+HEATER+LUMBAR | F48: EA | G48: 0 | H48: 0 | I48: 0 | J48: 0 | K48: 1 | L48: 0 | M48: 1 | N48: 0 | O48: 160 | P48: =G48*$P$2 -> 0 | Q48: =K48*$Q$2 -> 2256 | R48: =(P48+Q48)-Stock!E48 -> 555 | S48: =ROUNDUP(R48/O48,0) -> 4 | T48: =ROUNDUP($P$2/O48*G48,0) -> 0 | U48: =ROUNDUP($Q$2/O48*K48,0) -> 15 | V48: =T48*O48 -> 0 | W48: =O48*U48 -> 2400 | X48: {=_xlfn.IFS(P48+Q48>Stock!E48,V48,P48+Q48<Stock!E48,"No need",Stock!E48=0,V48,P48+Q48=Stock!E48,"No need")} -> 0 | Y48: {=_xlfn.IFS(P48+Q48>Stock!E48,W48,P48+Q48<Stock!E48,"No need",Stock!E48=0,W48,P48+Q48=Stock!E48,"No need")} -> 2400 | Z48: {=_xlfn.IFS(ISNUMBER(X48+Y48),X48+Y48,ISTEXT(X48&Y48),"No need")} -> 2400 | AA48: {=_xlfn.IFS(S48*O48>0,S48*O48,S48*O48<0,"No need",S48*O48=0,0)} -> 640
A49: 47 | B49: 9834884080 | C49: Adient Zaragoza | D49: 4792350-0-9 | E49: HARNESS - LHD DRIVER - 4WAY POWER - SAB+SPS+HEATER+LUMBAR - Hybrid | F49: EA | G49: 0 | H49: 0 | I49: 0 | J49: 0 | K49: 1 | L49: 1 | M49: 0 | N49: 0 | O49: 160 | P49: =G49*$P$2 -> 0 | Q49: =K49*$Q$2 -> 2256 | R49: =(P49+Q49)-Stock!E49 -> 557 | S49: =ROUNDUP(R49/O49,0) -> 4 | T49: =ROUNDUP($P$2/O49*G49,0) -> 0 | U49: =ROUNDUP($Q$2/O49*K49,0) -> 15 | V49: =T49*O49 -> 0 | W49: =O49*U49 -> 2400 | X49: {=_xlfn.IFS(P49+Q49>Stock!E49,V49,P49+Q49<Stock!E49,"No need",Stock!E49=0,V49,P49+Q49=Stock!E49,"No need")} -> 0 | Y49: {=_xlfn.IFS(P49+Q49>Stock!E49,W49,P49+Q49<Stock!E49,"No need",Stock!E49=0,W49,P49+Q49=Stock!E49,"No need")} -> 2400 | Z49: {=_xlfn.IFS(ISNUMBER(X49+Y49),X49+Y49,ISTEXT(X49&Y49),"No need")} -> 2400 | AA49: {=_xlfn.IFS(S49*O49>0,S49*O49,S49*O49<0,"No need",S49*O49=0,0)} -> 640
A50: 48 | B50: 9834520980 | C50: Adient Zaragoza | D50: 4791403-0-9 | E50: HARNESS - LHD DRIVER - 6WAY MANUAL - SAB+SPS | F50: EA | G50: 1 | H50: 1 | I50: 0 | J50: 0 | K50: 0 | L50: 0 | M50: 0 | N50: 0 | O50: 400 | P50: =G50*$P$2 -> 1488 | Q50: =K50*$Q$2 -> 0 | R50: =(P50+Q50)-Stock!E50 -> -57 | S50: =ROUNDUP(R50/O50,0) -> -1 | T50: =ROUNDUP($P$2/O50*G50,0) -> 4 | U50: =ROUNDUP($Q$2/O50*K50,0) -> 0 | V50: =T50*O50 -> 1600 | W50: =O50*U50 -> 0 | X50: {=_xlfn.IFS(P50+Q50>Stock!E50,V50,P50+Q50<Stock!E50,"No need",Stock!E50=0,V50,P50+Q50=Stock!E50,"No need")} -> No need | Y50: {=_xlfn.IFS(P50+Q50>Stock!E50,W50,P50+Q50<Stock!E50,"No need",Stock!E50=0,W50,P50+Q50=Stock!E50,"No need")} -> No need | Z50: {=_xlfn.IFS(ISNUMBER(X50+Y50),X50+Y50,ISTEXT(X50&Y50),"No need")} -> No need | AA50: {=_xlfn.IFS(S50*O50>0,S50*O50,S50*O50<0,"No need",S50*O50=0,0)} -> No need
A51: 49 | B51: 9834455580 | C51: Adient Zaragoza | D51: 4178009-0-9 | E51: HARNESS - LHD PASSANGER - 4WAY/6WAY MANUAL - SAB+SBR | F51: EA | G51: 1 | H51: 0 | I51: 1 | J51: 0 | K51: 0 | L51: 0 | M51: 0 | N51: 0 | O51: 400 | P51: =G51*$P$2 -> 1488 | Q51: =K51*$Q$2 -> 0 | R51: =(P51+Q51)-Stock!E51 -> -56 | S51: =ROUNDUP(R51/O51,0) -> -1 | T51: =ROUNDUP($P$2/O51*G51,0) -> 4 | U51: =ROUNDUP($Q$2/O51*K51,0) -> 0 | V51: =T51*O51 -> 1600 | W51: =O51*U51 -> 0 | X51: {=_xlfn.IFS(P51+Q51>Stock!E51,V51,P51+Q51<Stock!E51,"No need",Stock!E51=0,V51,P51+Q51=Stock!E51,"No need")} -> No need | Y51: {=_xlfn.IFS(P51+Q51>Stock!E51,W51,P51+Q51<Stock!E51,"No need",Stock!E51=0,W51,P51+Q51=Stock!E51,"No need")} -> No need | Z51: {=_xlfn.IFS(ISNUMBER(X51+Y51),X51+Y51,ISTEXT(X51&Y51),"No need")} -> No need | AA51: {=_xlfn.IFS(S51*O51>0,S51*O51,S51*O51<0,"No need",S51*O51=0,0)} -> No need
A52: 50 | B52: 9834591080 | C52: Adient Zaragoza | D52: 4177783-0-9 | E52: HEATING MAT CUSHION | F52: EA | G52: 0 | H52: 0 | I52: 0 | J52: 0 | K52: 2 | L52: 1 | M52: 1 | N52: 0 | O52: 150 | P52: =G52*$P$2 -> 0 | Q52: =K52*$Q$2 -> 4512 | R52: =(P52+Q52)-Stock!E52 -> 1062 | S52: =ROUNDUP(R52/O52,0) -> 8 | T52: =ROUNDUP($P$2/O52*G52,0) -> 0 | U52: =ROUNDUP($Q$2/O52*K52,0) -> 31 | V52: =T52*O52 -> 0 | W52: =O52*U52 -> 4650 | X52: {=_xlfn.IFS(P52+Q52>Stock!E52,V52,P52+Q52<Stock!E52,"No need",Stock!E52=0,V52,P52+Q52=Stock!E52,"No need")} -> 0 | Y52: {=_xlfn.IFS(P52+Q52>Stock!E52,W52,P52+Q52<Stock!E52,"No need",Stock!E52=0,W52,P52+Q52=Stock!E52,"No need")} -> 4650 | Z52: {=_xlfn.IFS(ISNUMBER(X52+Y52),X52+Y52,ISTEXT(X52&Y52),"No need")} -> 4650 | AA52: {=_xlfn.IFS(S52*O52>0,S52*O52,S52*O52<0,"No need",S52*O52=0,0)} -> 1200
A53: 51 | B53: 9862963780 | C53: Adient Zaragoza | D53: 6160573-0-9 | E53: HEATING MAT BACKREST ML | F53: EA | G53: 0 | H53: 0 | I53: 0 | J53: 0 | K53: 2 | L53: 1 | M53: 1 | N53: 0 | O53: 150 | P53: =G53*$P$2 -> 0 | Q53: =K53*$Q$2 -> 4512 | R53: =(P53+Q53)-Stock!E53 -> 1036 | S53: =ROUNDUP(R53/O53,0) -> 7 | T53: =ROUNDUP($P$2/O53*G53,0) -> 0 | U53: =ROUNDUP($Q$2/O53*K53,0) -> 31 | V53: =T53*O53 -> 0 | W53: =O53*U53 -> 4650 | X53: {=_xlfn.IFS(P53+Q53>Stock!E53,V53,P53+Q53<Stock!E53,"No need",Stock!E53=0,V53,P53+Q53=Stock!E53,"No need")} -> 0 | Y53: {=_xlfn.IFS(P53+Q53>Stock!E53,W53,P53+Q53<Stock!E53,"No need",Stock!E53=0,W53,P53+Q53=Stock!E53,"No need")} -> 4650 | Z53: {=_xlfn.IFS(ISNUMBER(X53+Y53),X53+Y53,ISTEXT(X53&Y53),"No need")} -> 4650 | AA53: {=_xlfn.IFS(S53*O53>0,S53*O53,S53*O53<0,"No need",S53*O53=0,0)} -> 1050
A54: 52 | B54: 9827887480 | C54: Adient Zaragoza | D54: 4171615-0-9 | E54: CUSHION SUSPENSION MAT W/ HA SEAT (6W) | F54: EA | G54: 0 | H54: 0 | I54: 0 | J54: 0 | K54: 2 | L54: 1 | M54: 1 | N54: 0 | O54: 816 | P54: =G54*$P$2 -> 0 | Q54: =K54*$Q$2 -> 4512 | R54: =(P54+Q54)-Stock!E54 -> 688 | S54: =ROUNDUP(R54/O54,0) -> 1 | T54: =ROUNDUP($P$2/O54*G54,0) -> 0 | U54: =ROUNDUP($Q$2/O54*K54,0) -> 6 | V54: =T54*O54 -> 0 | W54: =O54*U54 -> 4896 | X54: {=_xlfn.IFS(P54+Q54>Stock!E54,V54,P54+Q54<Stock!E54,"No need",Stock!E54=0,V54,P54+Q54=Stock!E54,"No need")} -> 0 | Y54: {=_xlfn.IFS(P54+Q54>Stock!E54,W54,P54+Q54<Stock!E54,"No need",Stock!E54=0,W54,P54+Q54=Stock!E54,"No need")} -> 4896 | Z54: {=_xlfn.IFS(ISNUMBER(X54+Y54),X54+Y54,ISTEXT(X54&Y54),"No need")} -> 4896 | AA54: {=_xlfn.IFS(S54*O54>0,S54*O54,S54*O54<0,"No need",S54*O54=0,0)} -> 816
A55: 53 | B55: 9824535280 | C55: Adient Zaragoza | D55: 4171641-0-9 | E55: BACKREST SUSPENSION MAT - POWER LUMBAR + MASSAGE LH/RH | F55: EA | G55: 0 | H55: 0 | I55: 0 | J55: 0 | K55: 2 | L55: 1 | M55: 1 | N55: 0 | O55: 240 | P55: =G55*$P$2 -> 0 | Q55: =K55*$Q$2 -> 4512 | R55: =(P55+Q55)-Stock!E55 -> 1052 | S55: =ROUNDUP(R55/O55,0) -> 5 | T55: =ROUNDUP($P$2/O55*G55,0) -> 0 | U55: =ROUNDUP($Q$2/O55*K55,0) -> 19 | V55: =T55*O55 -> 0 | W55: =O55*U55 -> 4560 | X55: {=_xlfn.IFS(P55+Q55>Stock!E55,V55,P55+Q55<Stock!E55,"No need",Stock!E55=0,V55,P55+Q55=Stock!E55,"No need")} -> 0 | Y55: {=_xlfn.IFS(P55+Q55>Stock!E55,W55,P55+Q55<Stock!E55,"No need",Stock!E55=0,W55,P55+Q55=Stock!E55,"No need")} -> 4560 | Z55: {=_xlfn.IFS(ISNUMBER(X55+Y55),X55+Y55,ISTEXT(X55&Y55),"No need")} -> 4560 | AA55: {=_xlfn.IFS(S55*O55>0,S55*O55,S55*O55<0,"No need",S55*O55=0,0)} -> 1200
A56: 54 | B56: 9811629480 | C56: Adient Zaragoza | D56: 4171626-0-9 | E56: BACKREST SUSPENSION MAT BASIS LH/RH | F56: EA | G56: 1 | H56: 0 | I56: 1 | J56: 0 | K56: 0 | L56: 0 | M56: 0 | N56: 0 | O56: 400 | P56: =G56*$P$2 -> 1488 | Q56: =K56*$Q$2 -> 0 | R56: =(P56+Q56)-Stock!E56 -> -31 | S56: =ROUNDUP(R56/O56,0) -> -1 | T56: =ROUNDUP($P$2/O56*G56,0) -> 4 | U56: =ROUNDUP($Q$2/O56*K56,0) -> 0 | V56: =T56*O56 -> 1600 | W56: =O56*U56 -> 0 | X56: {=_xlfn.IFS(P56+Q56>Stock!E56,V56,P56+Q56<Stock!E56,"No need",Stock!E56=0,V56,P56+Q56=Stock!E56,"No need")} -> No need | Y56: {=_xlfn.IFS(P56+Q56>Stock!E56,W56,P56+Q56<Stock!E56,"No need",Stock!E56=0,W56,P56+Q56=Stock!E56,"No need")} -> No need | Z56: {=_xlfn.IFS(ISNUMBER(X56+Y56),X56+Y56,ISTEXT(X56&Y56),"No need")} -> No need | AA56: {=_xlfn.IFS(S56*O56>0,S56*O56,S56*O56<0,"No need",S56*O56=0,0)} -> No need
A57: 55 | B57: 9811631780 | C57: Adient Zaragoza | D57: 4171638-0-9 | E57: BACKREST SUSPENSION MAT - MECHANICAL LUMBAR LHD DRIVER | F57: EA | G57: 1 | H57: 1 | I57: 0 | J57: 0 | K57: 0 | L57: 0 | M57: 0 | N57: 0 | O57: 600 | P57: =G57*$P$2 -> 1488 | Q57: =K57*$Q$2 -> 0 | R57: =(P57+Q57)-Stock!E57 -> -254 | S57: =ROUNDUP(R57/O57,0) -> -1 | T57: =ROUNDUP($P$2/O57*G57,0) -> 3 | U57: =ROUNDUP($Q$2/O57*K57,0) -> 0 | V57: =T57*O57 -> 1800 | W57: =O57*U57 -> 0 | X57: {=_xlfn.IFS(P57+Q57>Stock!E57,V57,P57+Q57<Stock!E57,"No need",Stock!E57=0,V57,P57+Q57=Stock!E57,"No need")} -> No need | Y57: {=_xlfn.IFS(P57+Q57>Stock!E57,W57,P57+Q57<Stock!E57,"No need",Stock!E57=0,W57,P57+Q57=Stock!E57,"No need")} -> No need | Z57: {=_xlfn.IFS(ISNUMBER(X57+Y57),X57+Y57,ISTEXT(X57&Y57),"No need")} -> No need | AA57: {=_xlfn.IFS(S57*O57>0,S57*O57,S57*O57<0,"No need",S57*O57=0,0)} -> No need
A58: 56 | B58: 9810486880 | C58: Adient Zaragoza | D58: 3283761-0-1 | E58: POWER CONTROL UNIT FOR HEATING MAT-LH | F58: EA | G58: 0 | H58: 0 | I58: 0 | J58: 0 | K58: 1 | L58: 1 | M58: 0 | N58: 0 | O58: 2688 | P58: =G58*$P$2 -> 0 | Q58: =K58*$Q$2 -> 2256 | R58: =(P58+Q58)-Stock!E58 -> -314 | S58: =ROUNDUP(R58/O58,0) -> -1 | T58: =ROUNDUP($P$2/O58*G58,0) -> 0 | U58: =ROUNDUP($Q$2/O58*K58,0) -> 1 | V58: =T58*O58 -> 0 | W58: =O58*U58 -> 2688 | X58: {=_xlfn.IFS(P58+Q58>Stock!E58,V58,P58+Q58<Stock!E58,"No need",Stock!E58=0,V58,P58+Q58=Stock!E58,"No need")} -> No need | Y58: {=_xlfn.IFS(P58+Q58>Stock!E58,W58,P58+Q58<Stock!E58,"No need",Stock!E58=0,W58,P58+Q58=Stock!E58,"No need")} -> No need | Z58: {=_xlfn.IFS(ISNUMBER(X58+Y58),X58+Y58,ISTEXT(X58&Y58),"No need")} -> No need | AA58: {=_xlfn.IFS(S58*O58>0,S58*O58,S58*O58<0,"No need",S58*O58=0,0)} -> No need
A59: 57 | B59: 9826765980 | C59: Adient Zaragoza | D59: 4647465-0-9 | E59: LH - 6W HYBRID ADJUSTMENT SWITCH UNIT | F59: EA | G59: 0 | H59: 0 | I59: 0 | J59: 0 | K59: 1 | L59: 1 | M59: 0 | N59: 0 | O59: 24 | P59: =G59*$P$2 -> 0 | Q59: =K59*$Q$2 -> 2256 | R59: =(P59+Q59)-Stock!E59 -> 576 | S59: =ROUNDUP(R59/O59,0) -> 24 | T59: =ROUNDUP($P$2/O59*G59,0) -> 0 | U59: =ROUNDUP($Q$2/O59*K59,0) -> 94 | V59: =T59*O59 -> 0 | W59: =O59*U59 -> 2256 | X59: {=_xlfn.IFS(P59+Q59>Stock!E59,V59,P59+Q59<Stock!E59,"No need",Stock!E59=0,V59,P59+Q59=Stock!E59,"No need")} -> 0 | Y59: {=_xlfn.IFS(P59+Q59>Stock!E59,W59,P59+Q59<Stock!E59,"No need",Stock!E59=0,W59,P59+Q59=Stock!E59,"No need")} -> 2256 | Z59: {=_xlfn.IFS(ISNUMBER(X59+Y59),X59+Y59,ISTEXT(X59&Y59),"No need")} -> 2256 | AA59: {=_xlfn.IFS(S59*O59>0,S59*O59,S59*O59<0,"No need",S59*O59=0,0)} -> 576
... A65: 63 | B65: 9811655180 | C65: Adient Zaragoza | D65: 4172576-0-9 | E65: VIS FIXATION ARMATURE MARRIAGE SCREW - M 10 x 1 x 14; T 40 | F65: EA | G65: 8 | H65: 4 | I65: 4 | J65: 0 | K65: 8 | L65: 4 | M65: 4 | N65: 0 | O65: 3300 | P65: =G65*$P$2 -> 11904 | Q65: =K65*$Q$2 -> 18048 | R65: =(P65+Q65)-Stock!E65 -> 4684 | S65: =ROUNDUP(R65/O65,0) -> 2 | T65: =ROUNDUP($P$2/O65*G65,0) -> 4 | U65: =ROUNDUP($Q$2/O65*K65,0) -> 6 | V65: =T65*O65 -> 13200 | W65: =O65*U65 -> 19800 | X65: {=_xlfn.IFS(P65+Q65>Stock!E65,V65,P65+Q65<Stock!E65,"No need",Stock!E65=0,V65,P65+Q65=Stock!E65,"No need")} -> 13200 | Y65: {=_xlfn.IFS(P65+Q65>Stock!E65,W65,P65+Q65<Stock!E65,"No need",Stock!E65=0,W65,P65+Q65=Stock!E65,"No need")} -> 19800 | Z65: {=_xlfn.IFS(ISNUMBER(X65+Y65),X65+Y65,ISTEXT(X65&Y65),"No need")} -> 33000 | AA65: {=_xlfn.IFS(S65*O65>0,S65*O65,S65*O65<0,"No need",S65*O65=0,0)} -> 6600
A66: 64 | B66: AA38976518 | C66: Adient Zaragoza | D66: 4172579-0-9 | E66: VIS COMMANDE REHAUSSE SCREW HEIGHT ADJUSTER MECHANISM LEVER - M 8 x 1,25 x 8; T 30 | F66: EA | G66: 2 | H66: 1 | I66: 1 | J66: 0 | K66: 1 | L66: 0 | M66: 1 | N66: 0 | O66: 1200 | P66: =G66*$P$2 -> 2976 | Q66: =K66*$Q$2 -> 2256 | R66: =(P66+Q66)-Stock!E66 -> 637 | S66: =ROUNDUP(R66/O66,0) -> 1 | T66: =ROUNDUP($P$2/O66*G66,0) -> 3 | U66: =ROUNDUP($Q$2/O66*K66,0) -> 2 | V66: =T66*O66 -> 3600 | W66: =O66*U66 -> 2400 | X66: {=_xlfn.IFS(P66+Q66>Stock!E66,V66,P66+Q66<Stock!E66,"No need",Stock!E66=0,V66,P66+Q66=Stock!E66,"No need")} -> 3600 | Y66: {=_xlfn.IFS(P66+Q66>Stock!E66,W66,P66+Q66<Stock!E66,"No need",Stock!E66=0,W66,P66+Q66=Stock!E66,"No need")} -> 2400 | Z66: {=_xlfn.IFS(ISNUMBER(X66+Y66),X66+Y66,ISTEXT(X66&Y66),"No need")} -> 6000 | AA66: {=_xlfn.IFS(S66*O66>0,S66*O66,S66*O66<0,"No need",S66*O66=0,0)} -> 1200
A67: 65 | B67: 9655645180 | C67: Adient Zaragoza | D67: 4172587-0-9 | E67: FIXATION BRIN BOUCLE CEINTURE SECURITE SCREW FOR BELT BUCKLE - M 10 x 1,5 x 15,3; T 50 | F67: EA | G67: 2 | H67: 1 | I67: 1 | J67: 0 | K67: 2 | L67: 1 | M67: 1 | N67: 0 | O67: 1500 | P67: =G67*$P$2 -> 2976 | Q67: =K67*$Q$2 -> 4512 | R67: =(P67+Q67)-Stock!E67 -> 1766 | S67: =ROUNDUP(R67/O67,0) -> 2 | T67: =ROUNDUP($P$2/O67*G67,0) -> 2 | U67: =ROUNDUP($Q$2/O67*K67,0) -> 4 | V67: =T67*O67 -> 3000 | W67: =O67*U67 -> 6000 | X67: {=_xlfn.IFS(P67+Q67>Stock!E67,V67,P67+Q67<Stock!E67,"No need",Stock!E67=0,V67,P67+Q67=Stock!E67,"No need")} -> 3000 | Y67: {=_xlfn.IFS(P67+Q67>Stock!E67,W67,P67+Q67<Stock!E67,"No need",Stock!E67=0,W67,P67+Q67=Stock!E67,"No need")} -> 6000 | Z67: {=_xlfn.IFS(ISNUMBER(X67+Y67),X67+Y67,ISTEXT(X67&Y67),"No need")} -> 9000 | AA67: {=_xlfn.IFS(S67*O67>0,S67*O67,S67*O67<0,"No need",S67*O67=0,0)} -> 3000
A68: 66 | B68: AA38976507 | C68: Adient Zaragoza | D68: 4349142-0-9 | E68: RONDELLE ONDULÉ WASHER FOR BELT BUCKLE | F68: EA | G68: 2 | H68: 1 | I68: 1 | J68: 0 | K68: 2 | L68: 1 | M68: 1 | N68: 0 | O68: 5500 | P68: =G68*$P$2 -> 2976 | Q68: =K68*$Q$2 -> 4512 | R68: =(P68+Q68)-Stock!E68 -> -3274 | S68: =ROUNDUP(R68/O68,0) -> -1 | T68: =ROUNDUP($P$2/O68*G68,0) -> 1 | U68: =ROUNDUP($Q$2/O68*K68,0) -> 1 | V68: =T68*O68 -> 5500 | W68: =O68*U68 -> 5500 | X68: {=_xlfn.IFS(P68+Q68>Stock!E68,V68,P68+Q68<Stock!E68,"No need",Stock!E68=0,V68,P68+Q68=Stock!E68,"No need")} -> No need | Y68: {=_xlfn.IFS(P68+Q68>Stock!E68,W68,P68+Q68<Stock!E68,"No need",Stock!E68=0,W68,P68+Q68=Stock!E68,"No need")} -> No need | Z68: {=_xlfn.IFS(ISNUMBER(X68+Y68),X68+Y68,ISTEXT(X68&Y68),"No need")} -> No need | AA68: {=_xlfn.IFS(S68*O68>0,S68*O68,S68*O68<0,"No need",S68*O68=0,0)} -> No need
A69: 67 | B69: AA38982519 | C69: Adient Zaragoza | D69: 119661-0-7 | E69: FIXATION SAC GONFLABLE LAT DOSSIER SIEGE AV CONDUCTEUR NUT SAB Fixation- M 6 x 1,0 x 9,1 | F69: EA | G69: 4 | H69: 2 | I69: 2 | J69: 0 | K69: 4 | L69: 2 | M69: 2 | N69: 0 | O69: 2500 | P69: =G69*$P$2 -> 5952 | Q69: =K69*$Q$2 -> 9024 | R69: =(P69+Q69)-Stock!E69 -> 1432 | S69: =ROUNDUP(R69/O69,0) -> 1 | T69: =ROUNDUP($P$2/O69*G69,0) -> 3 | U69: =ROUNDUP($Q$2/O69*K69,0) -> 4 | V69: =T69*O69 -> 7500 | W69: =O69*U69 -> 10000 | X69: {=_xlfn.IFS(P69+Q69>Stock!E69,V69,P69+Q69<Stock!E69,"No need",Stock!E69=0,V69,P69+Q69=Stock!E69,"No need")} -> 7500 | Y69: {=_xlfn.IFS(P69+Q69>Stock!E69,W69,P69+Q69<Stock!E69,"No need",Stock!E69=0,W69,P69+Q69=Stock!E69,"No need")} -> 10000 | Z69: {=_xlfn.IFS(ISNUMBER(X69+Y69),X69+Y69,ISTEXT(X69&Y69),"No need")} -> 17500 | AA69: {=_xlfn.IFS(S69*O69>0,S69*O69,S69*O69<0,"No need",S69*O69=0,0)} -> 2500
A70: 68 | B70: AA38978549 | C70: Adient Zaragoza | D70: 5126181-0-9 | E70: FIXATION SUPPORT CONNECTEUR 20 VOIES RIVET CONNECTOR SUPPORT BRACKET - STEEL / STEEL Ø 6,4 MM | F70: EA | G70: 2 | H70: 1 | I70: 1 | J70: 0 | K70: 2 | L70: 1 | M70: 1 | N70: 0 | O70: 2000 | P70: =G70*$P$2 -> 2976 | Q70: =K70*$Q$2 -> 4512 | R70: =(P70+Q70)-Stock!E70 -> 1756 | S70: =ROUNDUP(R70/O70,0) -> 1 | T70: =ROUNDUP($P$2/O70*G70,0) -> 2 | U70: =ROUNDUP($Q$2/O70*K70,0) -> 3 | V70: =T70*O70 -> 4000 | W70: =O70*U70 -> 6000 | X70: {=_xlfn.IFS(P70+Q70>Stock!E70,V70,P70+Q70<Stock!E70,"No need",Stock!E70=0,V70,P70+Q70=Stock!E70,"No need")} -> 4000 | Y70: {=_xlfn.IFS(P70+Q70>Stock!E70,W70,P70+Q70<Stock!E70,"No need",Stock!E70=0,W70,P70+Q70=Stock!E70,"No need")} -> 6000 | Z70: {=_xlfn.IFS(ISNUMBER(X70+Y70),X70+Y70,ISTEXT(X70&Y70),"No need")} -> 10000 | AA70: {=_xlfn.IFS(S70*O70>0,S70*O70,S70*O70<0,"No need",S70*O70=0,0)} -> 2000
A71: 69 | B71: N/A | C71: Adient Zaragoza | D71: 2308913-0-1 | E71: FIXATIONS COIFFE HOG RING | F71: EA | G71: 110 | H71: 28 | I71: 28 | J71: 54 | K71: 110 | L71: 28 | M71: 28 | N71: 54 | O71: 6600 | P71: =G71*$P$2 -> 163680 | Q71: =K71*$Q$2 -> 248160 | R71: =(P71+Q71)-Stock!E71 -> 94118 | S71: =ROUNDUP(R71/O71,0) -> 15 | T71: =ROUNDUP($P$2/O71*G71,0) -> 25 | U71: =ROUNDUP($Q$2/O71*K71,0) -> 38 | V71: =T71*O71 -> 165000 | W71: =O71*U71 -> 250800 | X71: {=_xlfn.IFS(P71+Q71>Stock!E71,V71,P71+Q71<Stock!E71,"No need",Stock!E71=0,V71,P71+Q71=Stock!E71,"No need")} -> 165000 | Y71: {=_xlfn.IFS(P71+Q71>Stock!E71,W71,P71+Q71<Stock!E71,"No need",Stock!E71=0,W71,P71+Q71=Stock!E71,"No need")} -> 250800 | Z71: {=_xlfn.IFS(ISNUMBER(X71+Y71),X71+Y71,ISTEXT(X71&Y71),"No need")} -> 415800 | AA71: {=_xlfn.IFS(S71*O71>0,S71*O71,S71*O71<0,"No need",S71*O71=0,0)} -> 99000
A72: 70 | B72: N/A | C72: Adient Zaragoza | D72: 1722229-0-8 | E72: VIS FIXATION ACCOUDOIR SCREW - ARMREST | F72: EA | G72: 0 | H72: 0 | I72: 0 | J72: 0 | K72: 1 | L72: 0 | M72: 0 | N72: 1 | O72: 1600 | P72: =G72*$P$2 -> 0 | Q72: =K72*$Q$2 -> 2256 | R72: =(P72+Q72)-Stock!E72 -> -892 | S72: =ROUNDUP(R72/O72,0) -> -1 | T72: =ROUNDUP($P$2/O72*G72,0) -> 0 | U72: =ROUNDUP($Q$2/O72*K72,0) -> 2 | V72: =T72*O72 -> 0 | W72: =O72*U72 -> 3200 | X72: {=_xlfn.IFS(P72+Q72>Stock!E72,V72,P72+Q72<Stock!E72,"No need",Stock!E72=0,V72,P72+Q72=Stock!E72,"No need")} -> No need | Y72: {=_xlfn.IFS(P72+Q72>Stock!E72,W72,P72+Q72<Stock!E72,"No need",Stock!E72=0,W72,P72+Q72=Stock!E72,"No need")} -> No need | Z72: {=_xlfn.IFS(ISNUMBER(X72+Y72),X72+Y72,ISTEXT(X72&Y72),"No need")} -> No need | AA72: {=_xlfn.IFS(S72*O72>0,S72*O72,S72*O72<0,"No need",S72*O72=0,0)} -> No need
A73: 71 | B73: 7903233064 | C73: Adient Zaragoza | D73: 2149922-0-8 | E73: NUT - CENTER BELT RETRACTOR | F73: EA | G73: 1 | H73: 0 | I73: 0 | J73: 1 | K73: 1 | L73: 0 | M73: 0 | N73: 1 | O73: 2500 | P73: =G73*$P$2 -> 1488 | Q73: =K73*$Q$2 -> 2256 | R73: =(P73+Q73)-Stock!E73 -> 365 | S73: =ROUNDUP(R73/O73,0) -> 1 | T73: =ROUNDUP($P$2/O73*G73,0) -> 1 | U73: =ROUNDUP($Q$2/O73*K73,0) -> 1 | V73: =T73*O73 -> 2500 | W73: =O73*U73 -> 2500 | X73: {=_xlfn.IFS(P73+Q73>Stock!E73,V73,P73+Q73<Stock!E73,"No need",Stock!E73=0,V73,P73+Q73=Stock!E73,"No need")} -> 2500 | Y73: {=_xlfn.IFS(P73+Q73>Stock!E73,W73,P73+Q73<Stock!E73,"No need",Stock!E73=0,W73,P73+Q73=Stock!E73,"No need")} -> 2500 | Z73: {=_xlfn.IFS(ISNUMBER(X73+Y73),X73+Y73,ISTEXT(X73&Y73),"No need")} -> 5000 | AA73: {=_xlfn.IFS(S73*O73>0,S73*O73,S73*O73<0,"No need",S73*O73=0,0)} -> 2500
A74: 72 | B74: AA37893086 | C74: Adient Zaragoza | D74: 4171443-0-8 | E74: SCREW & WASHER - OUTBOARD LATCH LH / RH | F74: EA | G74: 4 | H74: 0 | I74: 0 | J74: 4 | K74: 4 | L74: 0 | M74: 0 | N74: 4 | O74: 1000 | P74: =G74*$P$2 -> 5952 | Q74: =K74*$Q$2 -> 9024 | R74: =(P74+Q74)-Stock!E74 -> 3520 | S74: =ROUNDUP(R74/O74,0) -> 4 | T74: =ROUNDUP($P$2/O74*G74,0) -> 6 | U74: =ROUNDUP($Q$2/O74*K74,0) -> 10 | V74: =T74*O74 -> 6000 | W74: =O74*U74 -> 10000 | X74: {=_xlfn.IFS(P74+Q74>Stock!E74,V74,P74+Q74<Stock!E74,"No need",Stock!E74=0,V74,P74+Q74=Stock!E74,"No need")} -> 6000 | Y74: {=_xlfn.IFS(P74+Q74>Stock!E74,W74,P74+Q74<Stock!E74,"No need",Stock!E74=0,W74,P74+Q74=Stock!E74,"No need")} -> 10000 | Z74: {=_xlfn.IFS(ISNUMBER(X74+Y74),X74+Y74,ISTEXT(X74&Y74),"No need")} -> 16000 | AA74: {=_xlfn.IFS(S74*O74>0,S74*O74,S74*O74<0,"No need",S74*O74=0,0)} -> 4000
A75: 73 | B75: 9815584280 | C75: Adient Zaragoza | D75: 3922963-0-0 | E75: SCREW - LATERAL BRACKET COVER (1x LH / 1x RH), SCREW - CENTER BELT EXIT COVER (2x) | F75: EA | G75: 8 | H75: 2 | I75: 2 | J75: 4 | K75: 8 | L75: 2 | M75: 2 | N75: 4 | O75: 2500 | P75: =G75*$P$2 -> 11904 | Q75: =K75*$Q$2 -> 18048 | R75: =(P75+Q75)-Stock!E75 -> 5292 | S75: =ROUNDUP(R75/O75,0) -> 3 | T75: =ROUNDUP($P$2/O75*G75,0) -> 5 | U75: =ROUNDUP($Q$2/O75*K75,0) -> 8 | V75: =T75*O75 -> 12500 | W75: =O75*U75 -> 20000 | X75: {=_xlfn.IFS(P75+Q75>Stock!E75,V75,P75+Q75<Stock!E75,"No need",Stock!E75=0,V75,P75+Q75=Stock!E75,"No need")} -> 12500 | Y75: {=_xlfn.IFS(P75+Q75>Stock!E75,W75,P75+Q75<Stock!E75,"No need",Stock!E75=0,W75,P75+Q75=Stock!E75,"No need")} -> 20000 | Z75: {=_xlfn.IFS(ISNUMBER(X75+Y75),X75+Y75,ISTEXT(X75&Y75),"No need")} -> 32500 | AA75: {=_xlfn.IFS(S75*O75>0,S75*O75,S75*O75<0,"No need",S75*O75=0,0)} -> 7500
A76: 74 | B76: N/A | C76: Adient Zaragoza | D76: 5267567-0-8 | E76: Rivet - Blind | F76: EA | G76: 0 | H76: 0 | I76: 0 | J76: 0 | K76: 2 | L76: 0 | M76: 0 | N76: 2 | O76: 4000 | P76: =G76*$P$2 -> 0 | Q76: =K76*$Q$2 -> 4512 | R76: =(P76+Q76)-Stock!E76 -> -7344 | S76: =ROUNDUP(R76/O76,0) -> -2 | T76: =ROUNDUP($P$2/O76*G76,0) -> 0 | U76: =ROUNDUP($Q$2/O76*K76,0) -> 2 | V76: =T76*O76 -> 0 | W76: =O76*U76 -> 8000 | X76: {=_xlfn.IFS(P76+Q76>Stock!E76,V76,P76+Q76<Stock!E76,"No need",Stock!E76=0,V76,P76+Q76=Stock!E76,"No need")} -> No need | Y76: {=_xlfn.IFS(P76+Q76>Stock!E76,W76,P76+Q76<Stock!E76,"No need",Stock!E76=0,W76,P76+Q76=Stock!E76,"No need")} -> No need | Z76: {=_xlfn.IFS(ISNUMBER(X76+Y76),X76+Y76,ISTEXT(X76&Y76),"No need")} -> No need | AA76: {=_xlfn.IFS(S76*O76>0,S76*O76,S76*O76<0,"No need",S76*O76=0,0)} -> No need
A77: 75 | B77: N/A | C77: Adient Zaragoza | D77: 2019861-0-9 | E77: SCREW FOR MECHANICAL LUMBAR HANDWHEEL - M x xx x xx x xx; T xx | F77: EA | G77: 1 | H77: 1 | I77: 0 | J77: 0 | K77: 0 | L77: 0 | M77: 0 | N77: 0 | O77: 2000 | P77: =G77*$P$2 -> 1488 | Q77: =K77*$Q$2 -> 0 | R77: =(P77+Q77)-Stock!E77 -> -2485 | S77: =ROUNDUP(R77/O77,0) -> -2 | T77: =ROUNDUP($P$2/O77*G77,0) -> 1 | U77: =ROUNDUP($Q$2/O77*K77,0) -> 0 | V77: =T77*O77 -> 2000 | W77: =O77*U77 -> 0 | X77: {=_xlfn.IFS(P77+Q77>Stock!E77,V77,P77+Q77<Stock!E77,"No need",Stock!E77=0,V77,P77+Q77=Stock!E77,"No need")} -> No need | Y77: {=_xlfn.IFS(P77+Q77>Stock!E77,W77,P77+Q77<Stock!E77,"No need",Stock!E77=0,W77,P77+Q77=Stock!E77,"No need")} -> No need | Z77: {=_xlfn.IFS(ISNUMBER(X77+Y77),X77+Y77,ISTEXT(X77&Y77),"No need")} -> No need | AA77: {=_xlfn.IFS(S77*O77>0,S77*O77,S77*O77<0,"No need",S77*O77=0,0)} -> No need
A78: 76 | B78: N/A | C78: Adient Zaragoza | D78: 2019773-0-0 | E78: VIS FIXATION COMMANDE LOMBAIRE MECA SCREW MECHANICAL LUMBAR MECHANISM - M x xx x xx x xx; T xx | F78: EA | G78: 2 | H78: 2 | I78: 0 | J78: 0 | K78: 0 | L78: 0 | M78: 0 | N78: 0 | O78: 1500 | P78: =G78*$P$2 -> 2976 | Q78: =K78*$Q$2 -> 0 | R78: =(P78+Q78)-Stock!E78 -> -720 | S78: =ROUNDUP(R78/O78,0) -> -1 | T78: =ROUNDUP($P$2/O78*G78,0) -> 2 | U78: =ROUNDUP($Q$2/O78*K78,0) -> 0 | V78: =T78*O78 -> 3000 | W78: =O78*U78 -> 0 | X78: {=_xlfn.IFS(P78+Q78>Stock!E78,V78,P78+Q78<Stock!E78,"No need",Stock!E78=0,V78,P78+Q78=Stock!E78,"No need")} -> No need | Y78: {=_xlfn.IFS(P78+Q78>Stock!E78,W78,P78+Q78<Stock!E78,"No need",Stock!E78=0,W78,P78+Q78=Stock!E78,"No need")} -> No need | Z78: {=_xlfn.IFS(ISNUMBER(X78+Y78),X78+Y78,ISTEXT(X78&Y78),"No need")} -> No need | AA78: {=_xlfn.IFS(S78*O78>0,S78*O78,S78*O78<0,"No need",S78*O78=0,0)} -> No need
A79: 77 | B79: 9833988080 | C79: Adient Zaragoza | D79: 279198-0-0 | E79: HOUSSE PROTECTION SIEGE SEAT DELIVERY BAG | F79: EA | G79: 0 | H79: 0 | I79: 0 | J79: 0 | K79: 2 | L79: 1 | M79: 1 | N79: 0 | O79: 12000 | P79: =G79*$P$2 -> 0 | Q79: =K79*$Q$2 -> 4512 | R79: =(P79+Q79)-Stock!E79 -> -8153 | S79: =ROUNDUP(R79/O79,0) -> -1 | T79: =ROUNDUP($P$2/O79*G79,0) -> 0 | U79: =ROUNDUP($Q$2/O79*K79,0) -> 1 | V79: =T79*O79 -> 0 | W79: =O79*U79 -> 12000 | X79: {=_xlfn.IFS(P79+Q79>Stock!E79,V79,P79+Q79<Stock!E79,"No need",Stock!E79=0,V79,P79+Q79=Stock!E79,"No need")} -> No need | Y79: {=_xlfn.IFS(P79+Q79>Stock!E79,W79,P79+Q79<Stock!E79,"No need",Stock!E79=0,W79,P79+Q79=Stock!E79,"No need")} -> No need | Z79: {=_xlfn.IFS(ISNUMBER(X79+Y79),X79+Y79,ISTEXT(X79&Y79),"No need")} -> No need | AA79: {=_xlfn.IFS(S79*O79>0,S79*O79,S79*O79<0,"No need",S79*O79=0,0)} -> No need
A80: 78 | B80: 9834251280 | C80: Adient Zaragoza | D80: 4170469-0-8 | E80: HOUSSE DE PROTECTION DOSSIER 1/3 DELIVERY BAG BACKREST 40% | F80: EA | G80: 1 | H80: 0 | I80: 0 | J80: 1 | K80: 1 | L80: 0 | M80: 0 | N80: 1 | O80: 10000 | P80: =G80*$P$2 -> 1488 | Q80: =K80*$Q$2 -> 2256 | R80: =(P80+Q80)-Stock!E80 -> -6143 | S80: =ROUNDUP(R80/O80,0) -> -1 | T80: =ROUNDUP($P$2/O80*G80,0) -> 1 | U80: =ROUNDUP($Q$2/O80*K80,0) -> 1 | V80: =T80*O80 -> 10000 | W80: =O80*U80 -> 10000 | X80: {=_xlfn.IFS(P80+Q80>Stock!E80,V80,P80+Q80<Stock!E80,"No need",Stock!E80=0,V80,P80+Q80=Stock!E80,"No need")} -> No need | Y80: {=_xlfn.IFS(P80+Q80>Stock!E80,W80,P80+Q80<Stock!E80,"No need",Stock!E80=0,W80,P80+Q80=Stock!E80,"No need")} -> No need | Z80: {=_xlfn.IFS(ISNUMBER(X80+Y80),X80+Y80,ISTEXT(X80&Y80),"No need")} -> No need | AA80: {=_xlfn.IFS(S80*O80>0,S80*O80,S80*O80<0,"No need",S80*O80=0,0)} -> No need
A81: 79 | B81: 9834251480 | C81: Adient Zaragoza | D81: 4170473-0-8 | E81: HOUSSE DE PROTECTION DOSSIER 2/3 DELIVERY BAG BACKREST 60% | F81: EA | G81: 1 | H81: 0 | I81: 0 | J81: 1 | K81: 1 | L81: 0 | M81: 0 | N81: 1 | O81: 10000 | P81: =G81*$P$2 -> 1488 | Q81: =K81*$Q$2 -> 2256 | R81: =(P81+Q81)-Stock!E81 -> -6143 | S81: =ROUNDUP(R81/O81,0) -> -1 | T81: =ROUNDUP($P$2/O81*G81,0) -> 1 | U81: =ROUNDUP($Q$2/O81*K81,0) -> 1 | V81: =T81*O81 -> 10000 | W81: =O81*U81 -> 10000 | X81: {=_xlfn.IFS(P81+Q81>Stock!E81,V81,P81+Q81<Stock!E81,"No need",Stock!E81=0,V81,P81+Q81=Stock!E81,"No need")} -> No need | Y81: {=_xlfn.IFS(P81+Q81>Stock!E81,W81,P81+Q81<Stock!E81,"No need",Stock!E81=0,W81,P81+Q81=Stock!E81,"No need")} -> No need | Z81: {=_xlfn.IFS(ISNUMBER(X81+Y81),X81+Y81,ISTEXT(X81&Y81),"No need")} -> No need | AA81: {=_xlfn.IFS(S81*O81>0,S81*O81,S81*O81<0,"No need",S81*O81=0,0)} -> No need
A82: 80 | B82: 9834863880 | C82: Adient Zaragoza | D82: 4171277-0-8 | E82: HOUSSE DE PROTECTION COUSSIN DELIVERY BAG CUSHION 100% | F82: EA | G82: 1 | H82: 0 | I82: 0 | J82: 1 | K82: 1 | L82: 0 | M82: 0 | N82: 1 | O82: 10000 | P82: =G82*$P$2 -> 1488 | Q82: =K82*$Q$2 -> 2256 | R82: =(P82+Q82)-Stock!E82 -> -6143 | S82: =ROUNDUP(R82/O82,0) -> -1 | T82: =ROUNDUP($P$2/O82*G82,0) -> 1 | U82: =ROUNDUP($Q$2/O82*K82,0) -> 1 | V82: =T82*O82 -> 10000 | W82: =O82*U82 -> 10000 | X82: {=_xlfn.IFS(P82+Q82>Stock!E82,V82,P82+Q82<Stock!E82,"No need",Stock!E82=0,V82,P82+Q82=Stock!E82,"No need")} -> No need | Y82: {=_xlfn.IFS(P82+Q82>Stock!E82,W82,P82+Q82<Stock!E82,"No need",Stock!E82=0,W82,P82+Q82=Stock!E82,"No need")} -> No need | Z82: {=_xlfn.IFS(ISNUMBER(X82+Y82),X82+Y82,ISTEXT(X82&Y82),"No need")} -> No need | AA82: {=_xlfn.IFS(S82*O82>0,S82*O82,S82*O82<0,"No need",S82*O82=0,0)} -> No need
A83: 81 | B83: 9813529380 | C83: Adient Zaragoza | D83: 4171956-0-9 | E83: BELT BUCKLE LH & RH | F83: EA | G83: 2 | H83: 1 | I83: 1 | J83: 0 | K83: 2 | L83: 1 | M83: 1 | N83: 0 | O83: 1260 | P83: =G83*$P$2 -> 2976 | Q83: =K83*$Q$2 -> 4512 | R83: =(P83+Q83)-Stock!E83 -> 1450 | S83: =ROUNDUP(R83/O83,0) -> 2 | T83: =ROUNDUP($P$2/O83*G83,0) -> 3 | U83: =ROUNDUP($Q$2/O83*K83,0) -> 4 | V83: =T83*O83 -> 3780 | W83: =O83*U83 -> 5040 | X83: {=_xlfn.IFS(P83+Q83>Stock!E83,V83,P83+Q83<Stock!E83,"No need",Stock!E83=0,V83,P83+Q83=Stock!E83,"No need")} -> 3780 | Y83: {=_xlfn.IFS(P83+Q83>Stock!E83,W83,P83+Q83<Stock!E83,"No need",Stock!E83=0,W83,P83+Q83=Stock!E83,"No need")} -> 5040 | Z83: {=_xlfn.IFS(ISNUMBER(X83+Y83),X83+Y83,ISTEXT(X83&Y83),"No need")} -> 8820 | AA83: {=_xlfn.IFS(S83*O83>0,S83*O83,S83*O83<0,"No need",S83*O83=0,0)} -> 2520
A84: 82 | B84: 9854562380 | C84: Adient Zaragoza | D84: 5882266-0-9 | E84: SIDE ARIBAG LH | F84: EA | G84: 1 | H84: 1 | I84: 0 | J84: 0 | K84: 1 | L84: 1 | M84: 0 | N84: 0 | O84: 500 | P84: =G84*$P$2 -> 1488 | Q84: =K84*$Q$2 -> 2256 | R84: =(P84+Q84)-Stock!E84 -> 384 | S84: =ROUNDUP(R84/O84,0) -> 1 | T84: =ROUNDUP($P$2/O84*G84,0) -> 3 | U84: =ROUNDUP($Q$2/O84*K84,0) -> 5 | V84: =T84*O84 -> 1500 | W84: =O84*U84 -> 2500 | X84: {=_xlfn.IFS(P84+Q84>Stock!E84,V84,P84+Q84<Stock!E84,"No need",Stock!E84=0,V84,P84+Q84=Stock!E84,"No need")} -> 1500 | Y84: {=_xlfn.IFS(P84+Q84>Stock!E84,W84,P84+Q84<Stock!E84,"No need",Stock!E84=0,W84,P84+Q84=Stock!E84,"No need")} -> 2500 | Z84: {=_xlfn.IFS(ISNUMBER(X84+Y84),X84+Y84,ISTEXT(X84&Y84),"No need")} -> 4000 | AA84: {=_xlfn.IFS(S84*O84>0,S84*O84,S84*O84<0,"No need",S84*O84=0,0)} -> 500
A85: 83 | B85: 9854562680 | C85: Adient Zaragoza | D85: 5882270-0-9 | E85: SIDE AIRBAG RH | F85: EA | G85: 1 | H85: 0 | I85: 1 | J85: 0 | K85: 1 | L85: 0 | M85: 1 | N85: 0 | O85: 500 | P85: =G85*$P$2 -> 1488 | Q85: =K85*$Q$2 -> 2256 | R85: =(P85+Q85)-Stock!E85 -> 393 | S85: =ROUNDUP(R85/O85,0) -> 1 | T85: =ROUNDUP($P$2/O85*G85,0) -> 3 | U85: =ROUNDUP($Q$2/O85*K85,0) -> 5 | V85: =T85*O85 -> 1500 | W85: =O85*U85 -> 2500 | X85: {=_xlfn.IFS(P85+Q85>Stock!E85,V85,P85+Q85<Stock!E85,"No need",Stock!E85=0,V85,P85+Q85=Stock!E85,"No need")} -> 1500 | Y85: {=_xlfn.IFS(P85+Q85>Stock!E85,W85,P85+Q85<Stock!E85,"No need",Stock!E85=0,W85,P85+Q85=Stock!E85,"No need")} -> 2500 | Z85: {=_xlfn.IFS(ISNUMBER(X85+Y85),X85+Y85,ISTEXT(X85&Y85),"No need")} -> 4000 | AA85: {=_xlfn.IFS(S85*O85>0,S85*O85,S85*O85<0,"No need",S85*O85=0,0)} -> 500
A86: 84 | B86: 9837729480 | C86: Adient Zaragoza | D86: 5502149-0-8 | E86: BRIN ENROULEUR C-S 3 POINT CENT RETRACTOR CENTER SEAT C43-O | F86: EA | G86: 1 | H86: 0 | I86: 0 | J86: 1 | K86: 1 | L86: 0 | M86: 0 | N86: 1 | O86: 320 | P86: =G86*$P$2 -> 1488 | Q86: =K86*$Q$2 -> 2256 | R86: =(P86+Q86)-Stock!E86 -> 1027 | S86: =ROUNDUP(R86/O86,0) -> 4 | T86: =ROUNDUP($P$2/O86*G86,0) -> 5 | U86: =ROUNDUP($Q$2/O86*K86,0) -> 8 | V86: =T86*O86 -> 1600 | W86: =O86*U86 -> 2560 | X86: {=_xlfn.IFS(P86+Q86>Stock!E86,V86,P86+Q86<Stock!E86,"No need",Stock!E86=0,V86,P86+Q86=Stock!E86,"No need")} -> 1600 | Y86: {=_xlfn.IFS(P86+Q86>Stock!E86,W86,P86+Q86<Stock!E86,"No need",Stock!E86=0,W86,P86+Q86=Stock!E86,"No need")} -> 2560 | Z86: {=_xlfn.IFS(ISNUMBER(X86+Y86),X86+Y86,ISTEXT(X86&Y86),"No need")} -> 4160 | AA86: {=_xlfn.IFS(S86*O86>0,S86*O86,S86*O86<0,"No need",S86*O86=0,0)} -> 1280
A87: 85 | B87: N/A | C87: Adient Zaragoza | D87: 2847667-H1 | E87: TRIM CLIP | F87: EA | G87: 2 | H87: 0 | I87: 0 | J87: 2 | K87: 2 | L87: 0 | M87: 0 | N87: 2 | O87: 4000 | P87: =G87*$P$2 -> 2976 | Q87: =K87*$Q$2 -> 4512 | R87: =(P87+Q87)-Stock!E87 -> -210 | S87: =ROUNDUP(R87/O87,0) -> -1 | T87: =ROUNDUP($P$2/O87*G87,0) -> 1 | U87: =ROUNDUP($Q$2/O87*K87,0) -> 2 | V87: =T87*O87 -> 4000 | W87: =O87*U87 -> 8000 | X87: {=_xlfn.IFS(P87+Q87>Stock!E87,V87,P87+Q87<Stock!E87,"No need",Stock!E87=0,V87,P87+Q87=Stock!E87,"No need")} -> No need | Y87: {=_xlfn.IFS(P87+Q87>Stock!E87,W87,P87+Q87<Stock!E87,"No need",Stock!E87=0,W87,P87+Q87=Stock!E87,"No need")} -> No need | Z87: {=_xlfn.IFS(ISNUMBER(X87+Y87),X87+Y87,ISTEXT(X87&Y87),"No need")} -> No need | AA87: {=_xlfn.IFS(S87*O87>0,S87*O87,S87*O87<0,"No need",S87*O87=0,0)} -> No need
A88: 86 | B88: N/A | C88: Adient Zaragoza | D88: 3465875-C4 | E88: HOKK.YKK Z15-3 X 100MM | F88: EA | G88: 1 | H88: 0 | I88: 0 | J88: 1 | K88: 1 | L88: 0 | M88: 0 | N88: 1 | O88: 1000 | P88: =G88*$P$2 -> 1488 | Q88: =K88*$Q$2 -> 2256 | R88: =(P88+Q88)-Stock!E88 -> 895 | S88: =ROUNDUP(R88/O88,0) -> 1 | T88: =ROUNDUP($P$2/O88*G88,0) -> 2 | U88: =ROUNDUP($Q$2/O88*K88,0) -> 3 | V88: =T88*O88 -> 2000 | W88: =O88*U88 -> 3000 | X88: {=_xlfn.IFS(P88+Q88>Stock!E88,V88,P88+Q88<Stock!E88,"No need",Stock!E88=0,V88,P88+Q88=Stock!E88,"No need")} -> 2000 | Y88: {=_xlfn.IFS(P88+Q88>Stock!E88,W88,P88+Q88<Stock!E88,"No need",Stock!E88=0,W88,P88+Q88=Stock!E88,"No need")} -> 3000 | Z88: {=_xlfn.IFS(ISNUMBER(X88+Y88),X88+Y88,ISTEXT(X88&Y88),"No need")} -> 5000 | AA88: {=_xlfn.IFS(S88*O88>0,S88*O88,S88*O88<0,"No need",S88*O88=0,0)} -> 1000
A89: 87 | B89: N/A | C89: Adient Zaragoza | D89: 4370075 | E89: CUSHION EPP_INSERT FOR CENTER SEAT PSA | F89: EA | G89: 1 | H89: 0 | I89: 0 | J89: 1 | K89: 1 | L89: 0 | M89: 0 | N89: 1 | O89: 600 | P89: =G89*$P$2 -> 1488 | Q89: =K89*$Q$2 -> 2256 | R89: =(P89+Q89)-Stock!E89 -> 965 | S89: =ROUNDUP(R89/O89,0) -> 2 | T89: =ROUNDUP($P$2/O89*G89,0) -> 3 | U89: =ROUNDUP($Q$2/O89*K89,0) -> 4 | V89: =T89*O89 -> 1800 | W89: =O89*U89 -> 2400 | X89: {=_xlfn.IFS(P89+Q89>Stock!E89,V89,P89+Q89<Stock!E89,"No need",Stock!E89=0,V89,P89+Q89=Stock!E89,"No need")} -> 1800 | Y89: {=_xlfn.IFS(P89+Q89>Stock!E89,W89,P89+Q89<Stock!E89,"No need",Stock!E89=0,W89,P89+Q89=Stock!E89,"No need")} -> 2400 | Z89: {=_xlfn.IFS(ISNUMBER(X89+Y89),X89+Y89,ISTEXT(X89&Y89),"No need")} -> 4200 | AA89: {=_xlfn.IFS(S89*O89>0,S89*O89,S89*O89<0,"No need",S89*O89=0,0)} -> 1200
A90: 88 | B90: 98599949ZN | C90: Adient Kenitra | D90: 6095076-SIHYC-9 | E90: MDL L2 - TRIM FB AB WITH MP RH 15MM ML L2 | F90: EA | G90: 1 | I90: 1 | K90: 0 | O90: 3 | P90: =G90*$P$2 -> 1488 | Q90: =K90*$Q$2 -> 0 | R90: =(P90+Q90)-Stock!E90 -> 1488 | S90: =ROUNDUP(R90/O90,0) -> 496 | T90: =ROUNDUP($P$2/O90*G90,0) -> 496 | U90: =ROUNDUP($Q$2/O90*K90,0) -> 0 | V90: =T90*O90 -> 1488 | W90: =O90*U90 -> 0 | X90: {=_xlfn.IFS(P90+Q90>Stock!E90,V90,P90+Q90<Stock!E90,"No need",Stock!E90=0,V90,P90+Q90=Stock!E90,"No need")} -> 1488 | Y90: {=_xlfn.IFS(P90+Q90>Stock!E90,W90,P90+Q90<Stock!E90,"No need",Stock!E90=0,W90,P90+Q90=Stock!E90,"No need")} -> 0 | Z90: {=_xlfn.IFS(ISNUMBER(X90+Y90),X90+Y90,ISTEXT(X90&Y90),"No need")} -> 1488 | AA90: {=_xlfn.IFS(S90*O90>0,S90*O90,S90*O90<0,"No need",S90*O90=0,0)} -> 1488
A91: 89 | B91: 98619477ZN | C91: Adient Kenitra | D91: 6095077-SIHYC-9 | E91: MDL L2 - TRIM FB AB WITH MP LH 15MM ML L2 | F91: EA | G91: 1 | H91: 1 | K91: 0 | O91: 3 | P91: =G91*$P$2 -> 1488 | Q91: =K91*$Q$2 -> 0 | R91: =(P91+Q91)-Stock!E91 -> 1488 | S91: =ROUNDUP(R91/O91,0) -> 496 | T91: =ROUNDUP($P$2/O91*G91,0) -> 496 | U91: =ROUNDUP($Q$2/O91*K91,0) -> 0 | V91: =T91*O91 -> 1488 | W91: =O91*U91 -> 0 | X91: {=_xlfn.IFS(P91+Q91>Stock!E91,V91,P91+Q91<Stock!E91,"No need",Stock!E91=0,V91,P91+Q91=Stock!E91,"No need")} -> 1488 | Y91: {=_xlfn.IFS(P91+Q91>Stock!E91,W91,P91+Q91<Stock!E91,"No need",Stock!E91=0,W91,P91+Q91=Stock!E91,"No need")} -> 0 | Z91: {=_xlfn.IFS(ISNUMBER(X91+Y91),X91+Y91,ISTEXT(X91&Y91),"No need")} -> 1488 | AA91: {=_xlfn.IFS(S91*O91>0,S91*O91,S91*O91<0,"No need",S91*O91=0,0)} -> 1488
A92: 90 | B92: 98600638ZQ | C92: Adient Kenitra | D92: 6095105-ZEHPT-9 | E92: MDL L3 OPT - TRIM FB AB WITH MP RH 15MM ML L3opt | F92: EA | G92: 0 | K92: 1 | L92: 1 | O92: 3 | P92: =G92*$P$2 -> 0 | Q92: =K92*$Q$2 -> 2256 | R92: =(P92+Q92)-Stock!E92 -> 2256 | S92: =ROUNDUP(R92/O92,0) -> 752 | T92: =ROUNDUP($P$2/O92*G92,0) -> 0 | U92: =ROUNDUP($Q$2/O92*K92,0) -> 752 | V92: =T92*O92 -> 0 | W92: =O92*U92 -> 2256 | X92: {=_xlfn.IFS(P92+Q92>Stock!E92,V92,P92+Q92<Stock!E92,"No need",Stock!E92=0,V92,P92+Q92=Stock!E92,"No need")} -> 0 | Y92: {=_xlfn.IFS(P92+Q92>Stock!E92,W92,P92+Q92<Stock!E92,"No need",Stock!E92=0,W92,P92+Q92=Stock!E92,"No need")} -> 2256 | Z92: {=_xlfn.IFS(ISNUMBER(X92+Y92),X92+Y92,ISTEXT(X92&Y92),"No need")} -> 2256 | AA92: {=_xlfn.IFS(S92*O92>0,S92*O92,S92*O92<0,"No need",S92*O92=0,0)} -> 2256
A93: 91 | B93: 98625615ZQ | C93: Adient Kenitra | D93: 6095106-ZEHPT-9 | E93: MDL L3 OPT - TRIM FB AB WITH MP LH 15MM ML L3opt | F93: EA | G93: 0 | K93: 1 | M93: 1 | O93: 3 | P93: =G93*$P$2 -> 0 | Q93: =K93*$Q$2 -> 2256 | R93: =(P93+Q93)-Stock!E93 -> 2256 | S93: =ROUNDUP(R93/O93,0) -> 752 | T93: =ROUNDUP($P$2/O93*G93,0) -> 0 | U93: =ROUNDUP($Q$2/O93*K93,0) -> 752 | V93: =T93*O93 -> 0 | W93: =O93*U93 -> 2256 | X93: {=_xlfn.IFS(P93+Q93>Stock!E93,V93,P93+Q93<Stock!E93,"No need",Stock!E93=0,V93,P93+Q93=Stock!E93,"No need")} -> 0 | Y93: {=_xlfn.IFS(P93+Q93>Stock!E93,W93,P93+Q93<Stock!E93,"No need",Stock!E93=0,W93,P93+Q93=Stock!E93,"No need")} -> 2256 | Z93: {=_xlfn.IFS(ISNUMBER(X93+Y93),X93+Y93,ISTEXT(X93&Y93),"No need")} -> 2256 | AA93: {=_xlfn.IFS(S93*O93>0,S93*O93,S93*O93<0,"No need",S93*O93=0,0)} -> 2256
A94: 92 | B94: N/A | C94: Adient Kenitra | D94: 6095078-SIHYC-9 | E94: MDL L2 - TRIM FC 6 WAY RH 15MMML L2 | F94: EA | G94: 1 | O94: 3 | P94: =G94*$P$2 -> 1488 | Q94: =K94*$Q$2 -> 0 | R94: =(P94+Q94)-Stock!E94 -> 1488 | S94: =ROUNDUP(R94/O94,0) -> 496 | T94: =ROUNDUP($P$2/O94*G94,0) -> 496 | U94: =ROUNDUP($Q$2/O94*K94,0) -> 0 | V94: =T94*O94 -> 1488 | W94: =O94*U94 -> 0 | X94: {=_xlfn.IFS(P94+Q94>Stock!E94,V94,P94+Q94<Stock!E94,"No need",Stock!E94=0,V94,P94+Q94=Stock!E94,"No need")} -> 1488 | Y94: {=_xlfn.IFS(P94+Q94>Stock!E94,W94,P94+Q94<Stock!E94,"No need",Stock!E94=0,W94,P94+Q94=Stock!E94,"No need")} -> 0 | Z94: {=_xlfn.IFS(ISNUMBER(X94+Y94),X94+Y94,ISTEXT(X94&Y94),"No need")} -> 1488 | AA94: {=_xlfn.IFS(S94*O94>0,S94*O94,S94*O94<0,"No need",S94*O94=0,0)} -> 1488
A95: 93 | B95: N/A | C95: Adient Kenitra | D95: 6095079-SIHYC-9 | E95: MDL L2 - TRIM FC 6 WAY LH 15MMML L2 | F95: EA | G95: 1 | O95: 3 | P95: =G95*$P$2 -> 1488 | Q95: =K95*$Q$2 -> 0 | R95: =(P95+Q95)-Stock!E95 -> 1488 | S95: =ROUNDUP(R95/O95,0) -> 496 | T95: =ROUNDUP($P$2/O95*G95,0) -> 496 | U95: =ROUNDUP($Q$2/O95*K95,0) -> 0 | V95: =T95*O95 -> 1488 | W95: =O95*U95 -> 0 | X95: {=_xlfn.IFS(P95+Q95>Stock!E95,V95,P95+Q95<Stock!E95,"No need",Stock!E95=0,V95,P95+Q95=Stock!E95,"No need")} -> 1488 | Y95: {=_xlfn.IFS(P95+Q95>Stock!E95,W95,P95+Q95<Stock!E95,"No need",Stock!E95=0,W95,P95+Q95=Stock!E95,"No need")} -> 0 | Z95: {=_xlfn.IFS(ISNUMBER(X95+Y95),X95+Y95,ISTEXT(X95&Y95),"No need")} -> 1488 | AA95: {=_xlfn.IFS(S95*O95>0,S95*O95,S95*O95<0,"No need",S95*O95=0,0)} -> 1488
A96: 94 | B96: N/A | C96: Adient Kenitra | D96: 6095082-SIHYC-8 | E96: MDL L2 - REAR SEAT CUSHION TRIM COVER MID LIVE | F96: EA | G96: 1 | O96: 3 | P96: =G96*$P$2 -> 1488 | Q96: =K96*$Q$2 -> 0 | R96: =(P96+Q96)-Stock!E96 -> 1488 | S96: =ROUNDUP(R96/O96,0) -> 496 | T96: =ROUNDUP($P$2/O96*G96,0) -> 496 | U96: =ROUNDUP($Q$2/O96*K96,0) -> 0 | V96: =T96*O96 -> 1488 | W96: =O96*U96 -> 0 | X96: {=_xlfn.IFS(P96+Q96>Stock!E96,V96,P96+Q96<Stock!E96,"No need",Stock!E96=0,V96,P96+Q96=Stock!E96,"No need")} -> 1488 | Y96: {=_xlfn.IFS(P96+Q96>Stock!E96,W96,P96+Q96<Stock!E96,"No need",Stock!E96=0,W96,P96+Q96=Stock!E96,"No need")} -> 0 | Z96: {=_xlfn.IFS(ISNUMBER(X96+Y96),X96+Y96,ISTEXT(X96&Y96),"No need")} -> 1488 | AA96: {=_xlfn.IFS(S96*O96>0,S96*O96,S96*O96<0,"No need",S96*O96=0,0)} -> 1488
A97: 95 | B97: N/A | C97: Adient Kenitra | D97: 6095083-SIHYC-8 | E97: MDL L2 - REAR SEAT BACK 40% TRIM COVER WO TT WO SLIT MID LI | F97: EA | G97: 1 | O97: 3 | P97: =G97*$P$2 -> 1488 | Q97: =K97*$Q$2 -> 0 | R97: =(P97+Q97)-Stock!E97 -> 1488 | S97: =ROUNDUP(R97/O97,0) -> 496 | T97: =ROUNDUP($P$2/O97*G97,0) -> 496 | U97: =ROUNDUP($Q$2/O97*K97,0) -> 0 | V97: =T97*O97 -> 1488 | W97: =O97*U97 -> 0 | X97: {=_xlfn.IFS(P97+Q97>Stock!E97,V97,P97+Q97<Stock!E97,"No need",Stock!E97=0,V97,P97+Q97=Stock!E97,"No need")} -> 1488 | Y97: {=_xlfn.IFS(P97+Q97>Stock!E97,W97,P97+Q97<Stock!E97,"No need",Stock!E97=0,W97,P97+Q97=Stock!E97,"No need")} -> 0 | Z97: {=_xlfn.IFS(ISNUMBER(X97+Y97),X97+Y97,ISTEXT(X97&Y97),"No need")} -> 1488 | AA97: {=_xlfn.IFS(S97*O97>0,S97*O97,S97*O97<0,"No need",S97*O97=0,0)} -> 1488
A98: 96 | B98: N/A | C98: Adient Kenitra | D98: 6095084-SIHYC-8 | E98: MDL L2 - REAR SEAT BACK 60% - W/O ARMREST - TRIM COVER WO T | F98: EA | G98: 1 | O98: 3 | P98: =G98*$P$2 -> 1488 | Q98: =K98*$Q$2 -> 0 | R98: =(P98+Q98)-Stock!E98 -> 1488 | S98: =ROUNDUP(R98/O98,0) -> 496 | T98: =ROUNDUP($P$2/O98*G98,0) -> 496 | U98: =ROUNDUP($Q$2/O98*K98,0) -> 0 | V98: =T98*O98 -> 1488 | W98: =O98*U98 -> 0 | X98: {=_xlfn.IFS(P98+Q98>Stock!E98,V98,P98+Q98<Stock!E98,"No need",Stock!E98=0,V98,P98+Q98=Stock!E98,"No need")} -> 1488 | Y98: {=_xlfn.IFS(P98+Q98>Stock!E98,W98,P98+Q98<Stock!E98,"No need",Stock!E98=0,W98,P98+Q98=Stock!E98,"No need")} -> 0 | Z98: {=_xlfn.IFS(ISNUMBER(X98+Y98),X98+Y98,ISTEXT(X98&Y98),"No need")} -> 1488 | AA98: {=_xlfn.IFS(S98*O98>0,S98*O98,S98*O98<0,"No need",S98*O98=0,0)} -> 1488
A99: 97 | B99: N/A | C99: Adient Kenitra | D99: 6095107-ZEHPT-9 | E99: MDL L3 OPT - TRIM FC 6 WAY RH 15MMML L3opt | F99: EA | K99: 1 | O99: 3 | P99: =G99*$P$2 -> 0 | Q99: =K99*$Q$2 -> 2256 | R99: =(P99+Q99)-Stock!E99 -> 2256 | S99: =ROUNDUP(R99/O99,0) -> 752 | T99: =ROUNDUP($P$2/O99*G99,0) -> 0 | U99: =ROUNDUP($Q$2/O99*K99,0) -> 752 | V99: =T99*O99 -> 0 | W99: =O99*U99 -> 2256 | X99: {=_xlfn.IFS(P99+Q99>Stock!E99,V99,P99+Q99<Stock!E99,"No need",Stock!E99=0,V99,P99+Q99=Stock!E99,"No need")} -> 0 | Y99: {=_xlfn.IFS(P99+Q99>Stock!E99,W99,P99+Q99<Stock!E99,"No need",Stock!E99=0,W99,P99+Q99=Stock!E99,"No need")} -> 2256 | Z99: {=_xlfn.IFS(ISNUMBER(X99+Y99),X99+Y99,ISTEXT(X99&Y99),"No need")} -> 2256 | AA99: {=_xlfn.IFS(S99*O99>0,S99*O99,S99*O99<0,"No need",S99*O99=0,0)} -> 2256
A100: 98 | B100: N/A | C100: Adient Kenitra | D100: 6095108-ZEHPT-9 | E100: MDL L3 OPT - TRIM FC 6 WAY LH 15MMML L3opt | F100: EA | K100: 1 | O100: 3 | P100: =G100*$P$2 -> 0 | Q100: =K100*$Q$2 -> 2256 | R100: =(P100+Q100)-Stock!E100 -> 2256 | S100: =ROUNDUP(R100/O100,0) -> 752 | T100: =ROUNDUP($P$2/O100*G100,0) -> 0 | U100: =ROUNDUP($Q$2/O100*K100,0) -> 752 | V100: =T100*O100 -> 0 | W100: =O100*U100 -> 2256 | X100: {=_xlfn.IFS(P100+Q100>Stock!E100,V100,P100+Q100<Stock!E100,"No need",Stock!E100=0,V100,P100+Q100=Stock!E100,"No need")} -> 0 | Y100: {=_xlfn.IFS(P100+Q100>Stock!E100,W100,P100+Q100<Stock!E100,"No need",Stock!E100=0,W100,P100+Q100=Stock!E100,"No need")} -> 2256 | Z100: {=_xlfn.IFS(ISNUMBER(X100+Y100),X100+Y100,ISTEXT(X100&Y100),"No need")} -> 2256 | AA100: {=_xlfn.IFS(S100*O100>0,S100*O100,S100*O100<0,"No need",S100*O100=0,0)} -> 2256
A101: 99 | B101: N/A | C101: Adient Kenitra | D101: 6095111-ZEHPT-8 | E101: MDL L3 OPT - REAR SEAT CUSHION TRIM COVER MID LIVE | F101: EA | K101: 1 | O101: 3 | P101: =G101*$P$2 -> 0 | Q101: =K101*$Q$2 -> 2256 | R101: =(P101+Q101)-Stock!E101 -> 2256 | S101: =ROUNDUP(R101/O101,0) -> 752 | T101: =ROUNDUP($P$2/O101*G101,0) -> 0 | U101: =ROUNDUP($Q$2/O101*K101,0) -> 752 | V101: =T101*O101 -> 0 | W101: =O101*U101 -> 2256 | X101: {=_xlfn.IFS(P101+Q101>Stock!E101,V101,P101+Q101<Stock!E101,"No need",Stock!E101=0,V101,P101+Q101=Stock!E101,"No need")} -> 0 | Y101: {=_xlfn.IFS(P101+Q101>Stock!E101,W101,P101+Q101<Stock!E101,"No need",Stock!E101=0,W101,P101+Q101=Stock!E101,"No need")} -> 2256 | Z101: {=_xlfn.IFS(ISNUMBER(X101+Y101),X101+Y101,ISTEXT(X101&Y101),"No need")} -> 2256 | AA101: {=_xlfn.IFS(S101*O101>0,S101*O101,S101*O101<0,"No need",S101*O101=0,0)} -> 2256
A102: 100 | B102: N/A | C102: Adient Kenitra | D102: 6095112-ZEHPT-8 | E102: MDL L3 OPT - REAR SEAT BACK 40% TRIM COVER WO TT WO SLIT M | F102: EA | K102: 1 | O102: 3 | P102: =G102*$P$2 -> 0 | Q102: =K102*$Q$2 -> 2256 | R102: =(P102+Q102)-Stock!E102 -> 2256 | S102: =ROUNDUP(R102/O102,0) -> 752 | T102: =ROUNDUP($P$2/O102*G102,0) -> 0 | U102: =ROUNDUP($Q$2/O102*K102,0) -> 752 | V102: =T102*O102 -> 0 | W102: =O102*U102 -> 2256 | X102: {=_xlfn.IFS(P102+Q102>Stock!E102,V102,P102+Q102<Stock!E102,"No need",Stock!E102=0,V102,P102+Q102=Stock!E102,"No need")} -> 0 | Y102: {=_xlfn.IFS(P102+Q102>Stock!E102,W102,P102+Q102<Stock!E102,"No need",Stock!E102=0,W102,P102+Q102=Stock!E102,"No need")} -> 2256 | Z102: {=_xlfn.IFS(ISNUMBER(X102+Y102),X102+Y102,ISTEXT(X102&Y102),"No need")} -> 2256 | AA102: {=_xlfn.IFS(S102*O102>0,S102*O102,S102*O102<0,"No need",S102*O102=0,0)} -> 2256
A103: 101 | B103: N/A | C103: Adient Kenitra | D103: 6095113-ZEHPT-8 | E103: MDL L3 OPT - REAR SEAT BACK 60% - W/ ARMREST - TRIM COVER W | F103: EA | K103: 1 | O103: 3 | P103: =G103*$P$2 -> 0 | Q103: =K103*$Q$2 -> 2256 | R103: =(P103+Q103)-Stock!E103 -> 2256 | S103: =ROUNDUP(R103/O103,0) -> 752 | T103: =ROUNDUP($P$2/O103*G103,0) -> 0 | U103: =ROUNDUP($Q$2/O103*K103,0) -> 752 | V103: =T103*O103 -> 0 | W103: =O103*U103 -> 2256 | X103: {=_xlfn.IFS(P103+Q103>Stock!E103,V103,P103+Q103<Stock!E103,"No need",Stock!E103=0,V103,P103+Q103=Stock!E103,"No need")} -> 0 | Y103: {=_xlfn.IFS(P103+Q103>Stock!E103,W103,P103+Q103<Stock!E103,"No need",Stock!E103=0,W103,P103+Q103=Stock!E103,"No need")} -> 2256 | Z103: {=_xlfn.IFS(ISNUMBER(X103+Y103),X103+Y103,ISTEXT(X103&Y103),"No need")} -> 2256 | AA103: {=_xlfn.IFS(S103*O103>0,S103*O103,S103*O103<0,"No need",S103*O103=0,0)} -> 2256
A104: 102 | B104: N/A | C104: Adient Kenitra | D104: 5086956-N_OQ | E104: U-RTNR 25FLx30 | F104: EA | G104: 8 | K104: 8 | O104: 144000 | P104: =G104*$P$2 -> 11904 | Q104: =K104*$Q$2 -> 18048 | R104: =(P104+Q104)-Stock!E104 -> 29952 | S104: =ROUNDUP(R104/O104,0) -> 1 | T104: =ROUNDUP($P$2/O104*G104,0) -> 1 | U104: =ROUNDUP($Q$2/O104*K104,0) -> 1 | V104: =T104*O104 -> 144000 | W104: =O104*U104 -> 144000 | X104: {=_xlfn.IFS(P104+Q104>Stock!E104,V104,P104+Q104<Stock!E104,"No need",Stock!E104=0,V104,P104+Q104=Stock!E104,"No need")} -> 144000 | Y104: {=_xlfn.IFS(P104+Q104>Stock!E104,W104,P104+Q104<Stock!E104,"No need",Stock!E104=0,W104,P104+Q104=Stock!E104,"No need")} -> 144000 | Z104: {=_xlfn.IFS(ISNUMBER(X104+Y104),X104+Y104,ISTEXT(X104&Y104),"No need")} -> 288000 | AA104: {=_xlfn.IFS(S104*O104>0,S104*O104,S104*O104<0,"No need",S104*O104=0,0)} -> 144000
A105: 103 | B105: N/A | C105: Adient Kenitra | D105: 5086962-N_OQ | E105: U-RTNR 25FLx80 | F105: EA | G105: 2 | K105: 2 | O105: 36000 | P105: =G105*$P$2 -> 2976 | Q105: =K105*$Q$2 -> 4512 | R105: =(P105+Q105)-Stock!E105 -> 7488 | S105: =ROUNDUP(R105/O105,0) -> 1 | T105: =ROUNDUP($P$2/O105*G105,0) -> 1 | U105: =ROUNDUP($Q$2/O105*K105,0) -> 1 | V105: =T105*O105 -> 36000 | W105: =O105*U105 -> 36000 | X105: {=_xlfn.IFS(P105+Q105>Stock!E105,V105,P105+Q105<Stock!E105,"No need",Stock!E105=0,V105,P105+Q105=Stock!E105,"No need")} -> 36000 | Y105: {=_xlfn.IFS(P105+Q105>Stock!E105,W105,P105+Q105<Stock!E105,"No need",Stock!E105=0,W105,P105+Q105=Stock!E105,"No need")} -> 36000 | Z105: {=_xlfn.IFS(ISNUMBER(X105+Y105),X105+Y105,ISTEXT(X105&Y105),"No need")} -> 72000 | AA105: {=_xlfn.IFS(S105*O105>0,S105*O105,S105*O105<0,"No need",S105*O105=0,0)} -> 36000
...

Sheet Stock
A2: Serial | B2: STL PN | C2: ADIENT PN | D2: DESCRIPTION | E2: Final Stock
A3: 1 | B3: 9823868480 | C3: 4207718-0-9 | D3: MANUAL - FRONT RIGHT SEAT BACKREST FRAME | E3: 2846
A4: 2 | B4: 9823868180 | C4: 4812333-0-9 | D4: POWER - FRONT SEAT LEFT / RIGHT BACKREST FRAME - NON MEMO | E4: 1689
A5: 3 | B5: 9823868280 | C5: 4207618-0-9 | D5: MANUAL - FRONT LEFT SEAT BACKREST FRAME | E5: 1165
A6: 4 | B6: 9832027580 | C6: 4355899-0-9 | D6: 6WAY MANUAL - FRONT LHD PASSANGER SEAT CUSHION FRAME 6WAY MANUAL - FRONT RHD DRIVER SEAT CUSHION FRAME | E6: 2838
A7: 5 | B7: 9832021380 | C7: 4812346-0-9 | D7: 6WAY HYBRID - FRONT LHD DRIVER SEAT CUSHION FRAME | E7: 1692
A8: 6 | B8: 9832021180 | C8: 4207871-0-9 | D8: 6WAY MANUAL - FRONT LHD DRIVER SEAT CUSHION FRAME 6WAY MANUAL - FRONT RHD PASSENGER SEAT CUSHION FRAME | E8: 1161
A9: 7 | B9: 9833400580 | C9: 4171294-0-8 | D9: REAR SEAT BACKREST FRAME 40% | E9: 2849
A10: 8 | B10: 9833208180 | C10: 4171342-0-8 | D10: REAR SEAT BACKREST FRAME 60% W/ ARMREST | E10: 1692
A11: 9 | B11: 9833208280 | C11: 4171338-0-8 | D11: REAR SEAT BACKREST FRAME 60% W/O ARMREST | E11: 1157
A12: 10 | B12: 9814491980 | C12: 4171343-0-8 | D12: LATCH RH 40% | E12: 3077
A13: 11 | B13: 9814492580 | C13: 4171348-0-8 | D13: LATCH LH 60% | E13: 3071
A14: 12 | B14: 9818614480 | C14: 4171684-0-9 | D14: GUIDE APPUI-TETE SIEGE AV G (LISSE) FRONT - NON LOCKING BEZEL | E14: 8400
A15: 13 | B15: 9818614580 | C15: 4171687-0-9 | D15: FRONT - LOCKING BEZEL | E15: 8410
A16: 14 | B16: 9811628680 | C16: 4171695-0-9 | D16: TRACK END CAP | E16: 11800
A17: 15 | B17: 9824492180 | C17: 4171702-0-9 | D17: LH - SIDE COVER - 6WAY MANUAL | E17: 1423
A18: 16 | B18: 9824487880 | C18: 4171705-0-9 | D18: RH - SIDE COVER - 6WAY MANUAL | E18: 1425
A19: 17 | B19: 9824523980 | C19: 4171756-0-9 | D19: RECLINER INNER COVER - LH | E19: 2950
A20: 18 | B20: 9824522580 | C20: 4171759-0-9 | D20: RECLINER INNER COVER - RH | E20: 2948
A21: 19 | B21: 9825038780 | C21: 4171763-0-9 | D21: RECLINER HANDWHEEL - HARD | E21: 2405
A22: 33 | B22: 9825048280 | C22: 5222357-0-9 | D22: RECLINER HANDWHEEL - SOFT | E22: 1745
A23: 20 | B23: 9825013880 | C23: 4171767-0-9 | D23: RECLINER HANDWHEEL CAP | E23: 1704
A24: 21 | B24: 9846498080 | C24: 6201578-0-9 | D24: MECHANICAL LUMBAR HANDWHEEL LH & RH CDPO OPTIMIZED RADIUS | E24: 1390
A25: 22 | B25: 9846498180 | C25: 6201620-0-9 | D25: MECHANICAL LUMBAR HANDWHEEL CAP LH & RH CDPO OPTIMIZED RADIUS | E25: 2348
A26: 23 | B26: 9824596080 | C26: 5872481-0-9 | D26: LH HEIGHT ADJUSTER MECHANISM LEVER 2,8° | E26: 2440
A27: 24 | B27: 9824595680 | C27: 5872489-0-9 | D27: RH HEIGHT ADJUSTER MECHANISM LEVER 2,8° | E27: 4837
A28: 25 | B28: 9824525980 | C28: 4171865-0-9 | D28: LH HEIGHT ADJUSTER LEVER | E28: 1233
A29: 26 | B29: 9849854680 | C29: 4171869-0-9 | D29: RH HEIGHT ADJUSTER LEVER | E29: 3092
A30: 27 | B30: 9824468880 | C30: 4171380-0-8 | D30: LATCH COVER LH / RH | E30: 3276
A31: 28 | B31: 9824456680 | C31: 4171385-0-8 | D31: BELT EXIT COVER | E31: 2868
A32: 29 | B32: 9836802180 | C32: 4171388-0-8 | D32: LATERAL OUTER PIVOT BRACKET COVER LH | E32: 2883
A33: 30 | B33: 9836802780 | C33: 4171389-0-8 | D33: LATERAL OUTER PIVOT BRACKET COVER RH | E33: 2883
A34: 31 | B34: 9824521280 | C34: 4171741-0-9 | D34: LH - SIDE COVER - 4WP+2WM LEFT POWER + LUMBAR | E34: 1738
A35: 32 | B35: 9824488680 | C35: 4171746-0-9 | D35: RH - SIDE COVER - 6WAY MANUAL W/ POWER + LUMBAR HYBRID | E35: 1745
A36: 34 | B36: 9835223780 | C36: 5324015-0-8 | D36: ARMREST END STOP BRACKET LH | E36: 2133
A37: 35 | B37: 9835223380 | C37: 5324123-0-8 | D37: ARMREST END STOP BRACKET RH | E37: 2133
A38: 36 | B38: N/A | C38: 4795975-0-8 | D38: SKILID FRT COVER ASM | E38: 4436
A39: 37 | B39: N/A | C39: 4170935-0-8 | D39: SKILID REAR COVER | E39: 1913
A40: 38 | B40: N/A | C40: 4232969-0-8 | D40: SKILID SUPPORT PLATE | E40: 1895
A41: 39 | B41: 9862718380 | C41: 6157189-E3P-9 | D41: FRONT SEAT HEADREST LH & RH - ML L3opt MANHATTEN HORIZON 10C | E41: 3408
A42: 40 | B42: 9862719080 | C42: 6156700-E3P-8 | D42: HEADREST CENTER - ML L3opt MANHATTEN HORIZON 10C | E42: 1699
A43: 41 | B43: 9862718880 | C43: 6156711-E3P-8 | D43: HEADREST OUTER LH / RH - ML L3opt MANHATTEN HORIZON 10C | E43: 3360
A44: 42 | B44: 9862855780 | C44: 6124684-E3P-8 | D44: REAR SEAT ARMREST - ML L3 option | E44: 1768
A45: 43 | B45: 9862718180 | C45: 6157178-EL2-9 | D45: FRONT SEAT HEADREST LH & RH - ML L2 VINYL BLACK MISTRAL 10m Griffine | E45: 2324
A46: 44 | B46: 9862718980 | C46: 6156698-EL2-8 | D46: HEADREST CENTER - ML L2 VINYL BLACK MISTRAL | E46: 1220
A47: 45 | B47: 9862718780 | C47: 6156709-EL2-8 | D47: HEADREST OUTER LH / RH - ML L2 VINYL BLACK MISTRAL | E47: 2393
A48: 46 | B48: 9830741180 | C48: 4178137-0-9 | D48: HARNESS - LHD PASSANGER - 6WAY MANUAL - SAB+SBR+HEATER+LUMBAR | E48: 1701
A49: 47 | B49: 9834884080 | C49: 4792350-0-9 | D49: HARNESS - LHD DRIVER - 4WAY POWER - SAB+SPS+HEATER+LUMBAR - Hybrid | E49: 1699
A50: 48 | B50: 9834520980 | C50: 4791403-0-9 | D50: HARNESS - LHD DRIVER - 6WAY MANUAL - SAB+SPS | E50: 1545
A51: 49 | B51: 9834455580 | C51: 4178009-0-9 | D51: HARNESS - LHD PASSANGER - 4WAY/6WAY MANUAL - SAB+SBR | E51: 1544
A52: 50 | B52: 9834591080 | C52: 4177783-0-9 | D52: HEATING MAT CUSHION | E52: 3450
A53: 51 | B53: 9862963780 | C53: 6160573-0-9 | D53: HEATING MAT BACKREST ML | E53: 3476
A54: 52 | B54: 9827887480 | C54: 4171615-0-9 | D54: CUSHION SUSPENSION MAT W/ HA SEAT (6W) | E54: 3824
A55: 53 | B55: 9824535280 | C55: 4171641-0-9 | D55: BACKREST SUSPENSION MAT - POWER LUMBAR + MASSAGE LH/RH | E55: 3460
A56: 54 | B56: 9811629480 | C56: 4171626-0-9 | D56: BACKREST SUSPENSION MAT BASIS LH/RH | E56: 1519
A57: 55 | B57: 9811631780 | C57: 4171638-0-9 | D57: BACKREST SUSPENSION MAT - MECHANICAL LUMBAR LHD DRIVER | E57: 1742
A58: 56 | B58: 9810486880 | C58: 3283761-0-1 | D58: POWER CONTROL UNIT FOR HEATING MAT-LH | E58: 2570
A59: 57 | B59: 9826765980 | C59: 4647465-0-9 | D59: LH - 6W HYBRID ADJUSTMENT SWITCH UNIT | E59: 1680
... A65: 63 | B65: 9811655180 | C65: 4172576-0-9 | D65: VIS FIXATION ARMATURE MARRIAGE SCREW - M 10 x 1 x 14; T 40 | E65: 25268
A66: 64 | B66: AA38976518 | C66: 4172579-0-9 | D66: VIS COMMANDE REHAUSSE SCREW HEIGHT ADJUSTER MECHANISM LEVER - M 8 x 1,25 x 8; T 30 | E66: 4595
A67: 65 | B67: 9655645180 | C67: 4172587-0-9 | D67: FIXATION BRIN BOUCLE CEINTURE SECURITE SCREW FOR BELT BUCKLE - M 10 x 1,5 x 15,3; T 50 | E67: 5722
A68: 66 | B68: AA38976507 | C68: 4349142-0-9 | D68: RONDELLE ONDULÉ WASHER FOR BELT BUCKLE | E68: 10762
A69: 67 | B69: AA38982519 | C69: 119661-0-7 | D69: FIXATION SAC GONFLABLE LAT DOSSIER SIEGE AV CONDUCTEUR NUT SAB Fixation- M 6 x 1,0 x 9,1 | E69: 13544
A70: 68 | B70: AA38978549 | C70: 5126181-0-9 | D70: FIXATION SUPPORT CONNECTEUR 20 VOIES RIVET CONNECTOR SUPPORT BRACKET - STEEL / STEEL Ø 6,4 MM | E70: 5732
A71: 69 | B71: N/A | C71: 2308913-0-1 | D71: FIXATIONS COIFFE HOG RING | E71: 317722
A72: 70 | B72: N/A | C72: 1722229-0-8 | D72: VIS FIXATION ACCOUDOIR SCREW - ARMREST | E72: 3148
A73: 71 | B73: 7903233064 | C73: 2149922-0-8 | D73: NUT - CENTER BELT RETRACTOR | E73: 3379
A74: 72 | B74: AA37893086 | C74: 4171443-0-8 | D74: SCREW & WASHER - OUTBOARD LATCH LH / RH | E74: 11456
A75: 73 | B75: 9815584280 | C75: 3922963-0-0 | D75: SCREW - LATERAL BRACKET COVER (1x LH / 1x RH), SCREW - CENTER BELT EXIT COVER (2x) | E75: 24660
A76: 74 | B76: N/A | C76: 5267567-0-8 | D76: Rivet - Blind | E76: 11856
A77: 75 | B77: N/A | C77: 2019861-0-9 | D77: SCREW FOR MECHANICAL LUMBAR HANDWHEEL - M x xx x xx x xx; T xx | E77: 3973
A78: 76 | B78: N/A | C78: 2019773-0-0 | D78: VIS FIXATION COMMANDE LOMBAIRE MECA SCREW MECHANICAL LUMBAR MECHANISM - M x xx x xx x xx; T xx | E78: 3696
A79: 77 | B79: 9833988080 | C79: 279198-0-0 | D79: HOUSSE PROTECTION SIEGE SEAT DELIVERY BAG | E79: 12665
A80: 78 | B80: 9834251280 | C80: 4170469-0-8 | D80: HOUSSE DE PROTECTION DOSSIER 1/3 DELIVERY BAG BACKREST 40% | E80: 9887
A81: 79 | B81: 9834251480 | C81: 4170473-0-8 | D81: HOUSSE DE PROTECTION DOSSIER 2/3 DELIVERY BAG BACKREST 60% | E81: 9887
A82: 80 | B82: 9834863880 | C82: 4171277-0-8 | D82: HOUSSE DE PROTECTION COUSSIN DELIVERY BAG CUSHION 100% | E82: 9887
A83: 81 | B83: 9813529380 | C83: 4171956-0-9 | D83: BELT BUCKLE LH & RH | E83: 6038
A84: 83 | B84: 9854562380 | C84: 5882266-0-9 | D84: SIDE ARIBAG LH | E84: 3360
A85: 84 | B85: 9854562680 | C85: 5882270-0-9 | D85: SIDE AIRBAG RH | E85: 3351
A86: 85 | B86: 9837729480 | C86: 5502149-0-8 | D86: BRIN ENROULEUR C-S 3 POINT CENT RETRACTOR CENTER SEAT C43-O | E86: 2717
A87: 86 | B87: N/A | C87: 2847667-H1 | D87: TRIM CLIP | E87: 7698
A88: 87 | B88: N/A | C88: 3465875-C4 | D88: HOKK.YKK Z15-3 X 100MM | E88: 2849
A89: 88 | B89: N/A | C89: 4370075 | D89: CUSHION EPP_INSERT FOR CENTER SEAT PSA | E89: 2779
A90: 89 | B90: 98599949ZN | C90: 6095076-SIHYC-9 | D90: MDL L2 - TRIM FB AB WITH MP RH 15MM ML L2
A91: 90 | B91: 98619477ZN | C91: 6095077-SIHYC-9 | D91: MDL L2 - TRIM FB AB WITH MP LH 15MM ML L2
A92: 91 | B92: 98600638ZQ | C92: 6095105-ZEHPT-9 | D92: MDL L3 OPT - TRIM FB AB WITH MP RH 15MM ML L3opt
A93: 92 | B93: 98625615ZQ | C93: 6095106-ZEHPT-9 | D93: MDL L3 OPT - TRIM FB AB WITH MP LH 15MM ML L3opt
A94: 93 | B94: N/A | C94: 6095078-SIHYC-9 | D94: MDL L2 - TRIM FC 6 WAY RH 15MMML L2
A95: 94 | B95: N/A | C95: 6095079-SIHYC-9 | D95: MDL L2 - TRIM FC 6 WAY LH 15MMML L2
A96: 95 | B96: N/A | C96: 6095082-SIHYC-8 | D96: MDL L2 - REAR SEAT CUSHION TRIM COVER MID LIVE
A97: 96 | B97: N/A | C97: 6095083-SIHYC-8 | D97: MDL L2 - REAR SEAT BACK 40% TRIM COVER WO TT WO SLIT MID LI
A98: 97 | B98: N/A | C98: 6095084-SIHYC-8 | D98: MDL L2 - REAR SEAT BACK 60% - W/O ARMREST - TRIM COVER WO T
A99: 98 | B99: N/A | C99: 6095107-ZEHPT-9 | D99: MDL L3 OPT - TRIM FC 6 WAY RH 15MMML L3opt
A100: 99 | B100: N/A | C100: 6095108-ZEHPT-9 | D100: MDL L3 OPT - TRIM FC 6 WAY LH 15MMML L3opt
A101: 100 | B101: N/A | C101: 6095111-ZEHPT-8 | D101: MDL L3 OPT - REAR SEAT CUSHION TRIM COVER MID LIVE
... A143: 142 | B143: N/A | C143: 3001176-55_OQ | D143: I-SIZE BACK WASHER
A144: 143 | B144: N/A | C144: 2258512-N_OQ | D144: =_xlfn.XLOOKUP(C144,[1]Sheet2!$A:$A,[1]Sheet2!$B:$B) -> RIBBON 20 RP RIBBON
A145: 144 | B145: N/A | C145: 3116561-RA_OQ | D145: =_xlfn.XLOOKUP(C145,[1]Sheet2!$A:$A,[1]Sheet2!$B:$B) -> THD 25/3 107TEX ANDR
A146: 145 | B146: N/A | C146: 109348-55_OQ | D146: =_xlfn.XLOOKUP(C146,[1]Sheet2!$A:$A,[1]Sheet2!$B:$B) -> THD 30/3 107TEX
A147: 146 | B147: N/A | C147: 4878892-190009_OQ | D147: BRASILIA F2-D28 CKS-G30 HZD MISTRAL
...

Sheet Local and semi finished
F1: =48*6 -> 288 | G1: =48*8 -> 384
A2: SAP | B2: Descrbtion | C2: EA/M | D2: L2 cons | E2: L3 cons | F2: Units L2 | G2: Units L3 | H2: Total
A3: AML-WIR-Uzig-110 | B3: سلك حرف U متعرج 110 | C3: EA | D3: 2 | E3: 2 | F3: =$F$1*D3 -> 576 | G3: =$G$1*E3 -> 768 | H3: =G3+F3 -> 1344
A4: AML-WIR-Uzig-120 | B4: سلك حرف U متعرج 120 | C4: EA | D4: 2 | E4: 2 | F4: =$F$1*D4 -> 576 | G4: =$G$1*E4 -> 768 | H4: =G4+F4 -> 1344
A5: AML-WIR-Uzig-115 | B5: سلك حرف U متعرج سيتروين 115 | C5: EA | D5: 2 | E5: 2 | F5: =$F$1*D5 -> 576 | G5: =$G$1*E5 -> 768 | H5: =G5+F5 -> 1344
A6: AML-WIR-Uzig-125 | B6: سلك حرف U متعرج 125 | C6: EA | D6: 2 | E6: 2 | F6: =$F$1*D6 -> 576 | G6: =$G$1*E6 -> 768 | H6: =G6+F6 -> 1344
A7: AML-WIR-030 | B7: سلك مقاس 30 | C7: EA | D7: 4 | E7: 4 | F7: =$F$1*D7 -> 1152 | G7: =$G$1*E7 -> 1536 | H7: =G7+F7 -> 2688
A8: AML-WIR-024 | B8: سلك مقاس 24 | C8: EA | D8: 1 | E8: 1 | F8: =$F$1*D8 -> 288 | G8: =$G$1*E8 -> 384 | H8: =G8+F8 -> 672
A9: AML-WIR-020 | B9: سلك مقاس 20 | C9: EA | D9: 2 | E9: 2 | F9: =$F$1*D9 -> 576 | G9: =$G$1*E9 -> 768 | H9: =G9+F9 -> 1344
A10: AML-FBRDC-0001-00 | B10: داكرون | C10: KG | D10: 0.6 | E10: 0.6 | F10: =$F$1*D10 -> 172.8 | G10: =$G$1*E10 -> 230.4 | H10: =G10+F10 -> 403.2
A14: Foam | F14: =2*48 -> 96 | G14: =3*48 -> 144
A15: SAP | B15: Descrbtion ENG | C15: Descrbtion AR | D15: L2 cons | E15: L3 cons | F15: Units L2 | G15: Units L3 | H15: Total
A16: ASF-CIT-C43-FO01 | B16: Foam front back RH Citroen C43 | C16: فوم ظهرأمامي يمين سيتروين C43 | D16: 1 | E16: 1 | F16: =$F$14*D16 -> 96 | G16: =$G$14*E16 -> 144 | H16: =F16+G16 -> 240
A17: ASF-CIT-C43-FO02 | B17: Foam front back LH Citroen C43 | C17: فوم ظهرأمامي شمال سيتروين C43 | D17: 1 | E17: 1 | F17: =$F$14*D17 -> 96 | G17: =$G$14*E17 -> 144 | H17: =F17+G17 -> 240
A18: ASF-CIT-C43-FO03 | B18: Foam front cushion RH Citroen C43 | C18: فوم قاعدة أمامي يمين سيتروين C43 | D18: 1 | E18: 1 | F18: =$F$14*D18 -> 96 | G18: =$G$14*E18 -> 144 | H18: =F18+G18 -> 240
A19: ASF-CIT-C43-FO04 | B19: Foam front cushion LH Citroen C43 | C19: فوم قاعدة أمامي شمال سيتروين C43 | D19: 1 | E19: 1 | F19: =$F$14*D19 -> 96 | G19: =$G$14*E19 -> 144 | H19: =F19+G19 -> 240
A20: ASF-CIT-C43-FO05 | B20: Foam back 40% Citroen C43 | C20: فوم ظهر 40% سيتروين C43 | D20: 1 | E20: 1 | F20: =$F$14*D20 -> 96 | G20: =$G$14*E20 -> 144 | H20: =F20+G20 -> 240
A21: ASF-CIT-C43L3-FO06 | B21: Foam back 60% Citroen C43 Lvl 3 | C21: فوم ظهر 60% سيتروين C43 Lvl 3 | D21: 0 | E21: 1 | F21: =$F$14*D21 -> 0 | G21: =$G$14*E21 -> 144 | H21: =F21+G21 -> 144
A22: ASF-CIT-C43L2-FO06 | B22: Citroen Foam C43 Lvl 2 back 60% | C22: فوم سيتروينC43 Lvl 2 ظهر 60% | D22: 1 | E22: 0 | F22: =$F$14*D22 -> 96 | G22: =$G$14*E22 -> 0 | H22: =F22+G22 -> 96
A23: ASF-CIT-C43-FO07 | B23: Foam cushion 100% Citroen C43 | C23: فوم قاعدة خلفي 100% سيتروين C43 | D23: 1 | E23: 1 | F23: =$F$14*D23 -> 96 | G23: =$G$14*E23 -> 144 | H23: =F23+G23 -> 240
A26: SAP | B26: Descrbtion ENG | C26: Descrbtion AR | D26: L2 cons | E26: L3 cons | F26: Units L2 | G26: Units L3 | H26: Total
A27: ASF-CIT-C43L3-CH01 | B27: Chassis Insert Cushion100% Citroen C43L3 | C27: شاسيه 100% قاعدة سيتروين Lvl 3 | D27: 0 | E27: 1 | F27: =$F$14*D27 -> 0 | G27: =$G$14*E27 -> 144 | H27: =G27+F27 -> 144
A28: ASF-CIT-C43L2-CH01 | B28: Chassis Insert Cushion100% Citroen C43L2 | C28: شاسيه 100% قاعدة سيتروين Lvl 2 | D28: 1 | E28: 0 | F28: =$F$14*D28 -> 96 | G28: =$G$14*E28 -> 0 | H28: =G28+F28 -> 96
A30: Trim covers
A31: SAP | B31: Descrbtion ENG | C31: Descrbtion AR | D31: L2 cons | E31: L3 cons | F31: Units L2 | G31: Units L3 | H31: Total
A32: ASF-C43-L3-TC3-01 | B32: Trim cover Front cushion RH C43 Lvl 3 | C32: كسوة قاعدة أمامي يمين Lvl 3 C43 | D32: 0 | E32: 1 | F32: =$F$30*D32 -> 0 | G32: =$G$30*E32 -> 0 | H32: =G32+F32 -> 0
A33: ASF-C43-L3-TC4-01 | B33: Trim cover Front cushion LH C43 Lvl 3 | C33: كسوة قاعدة أمامي شمال Lvl 3 C43 | D33: 0 | E33: 1 | F33: =$F$30*D33 -> 0 | G33: =$G$30*E33 -> 0 | H33: =G33+F33 -> 0
A34: ASF-C43-L3-TC5-01 | B34: Trim cover back 40% C43 Lvl 3 white | C34: كسوة ظهر 40% Lvl 3 C43 | D34: 0 | E34: 1 | F34: =$F$30*D34 -> 0 | G34: =$G$30*E34 -> 0 | H34: =G34+F34 -> 0
A35: ASF-C43-L3-TC6-01 | B35: Trim cover back 60% C43 Lvl 3 white | C35: كسوة ظهر 60% Lvl 3 C43 | D35: 0 | E35: 1 | F35: =$F$30*D35 -> 0 | G35: =$G$30*E35 -> 0 | H35: =G35+F35 -> 0
A36: ASF-C43-L3-TC7-01 | B36: Trim cover cushion 100% C43 Lvl 3 white | C36: كسوة قاعدة 100% Lvl 3 C43 | D36: 0 | E36: 1 | F36: =$F$30*D36 -> 0 | G36: =$G$30*E36 -> 0 | H36: =G36+F36 -> 0
A37: ASF-C43-L2-TC4-90 | B37: Trim cover Front cushion RH C43 Lvl2 | C37: كسوة قاعدة أمامي يمين Lvl 2 C43 اسود | D37: 1 | E37: 0 | F37: =$F$30*D37 -> 0 | G37: =$G$30*E37 -> 0 | H37: =G37+F37 -> 0
A38: ASF-C43-L2-TC5-90 | B38: Trim cover Front cushion LH C43 Lvl2 | C38: كسوة قاعدة أمامي شمال Lvl 2 C43 اسود | D38: 1 | E38: 0 | F38: =$F$30*D38 -> 0 | G38: =$G$30*E38 -> 0 | H38: =G38+F38 -> 0
A39: ASF-C43-L2-TC6-90 | B39: Trim cover back 40% C43 Lvl 2 Black | C39: كسوة ظهر 40% Lvl 2 C43 اسود | D39: 1 | E39: 0 | F39: =$F$30*D39 -> 0 | G39: =$G$30*E39 -> 0 | H39: =G39+F39 -> 0
A40: ASF-C43-L2-TC7-90 | B40: Trim cover back 60% C43 Lvl 2 Black | C40: كسوة ظهر 60% Lvl 2 C43 اسود | D40: 1 | E40: 0 | F40: =$F$30*D40 -> 0 | G40: =$G$30*E40 -> 0 | H40: =G40+F40 -> 0
A41: ASF-C43-L2-TC8-90 | B41: Trim cover cushion 100% C43 Lvl 2 Black | C41: كسوة قاعدة 100% Lvl 2 C43 اسود | D41: 1 | E41: 0 | F41: =$F$30*D41 -> 0 | G41: =$G$30*E41 -> 0 | H41: =G41+F41 -> 0

Sheet 2025 Time plan- not updated
E2: 2025
E3: JANUARY | F3: FEBRUARY | I3: MARCH | J3: APRIL | K3: MAY | L3: JUNE | M3: JULY | N3: AUGUST | O3: SEPTEMBER | P3: OCTOBER | Q3: NOVEMBER | R3: DECEMBER
B4: Monthly Volume | E4: 26 | F4: 30 | I4: 275 | J4: 243 | K4: 260 | L4: 357 | M4: 847 | N4: 850 | O4: 1030 | P4: 808 | Q4: 778 | R4: 990
B5: Cumulative Volume | E5: 26 | F5: 56 | I5: 331 | J5: 574 | K5: 834 | L5: 1191 | M5: 2037 | N5: 2887 | O5: 3917 | P5: 4725 | Q5: 5503 | R5: 6493
D6: Before SOP | G6: After SOP
B7: Level | G7: Level MIX
B8: Level 2 | D8: MIX rule not respected | E8: 14 | F8: 12 | G8: 0.4 | I8: 110 | J8: 97 | K8: 104 | L8: 143 | M8: 339 | N8: 340 | O8: 412 | P8: 323 | Q8: 311 | R8: 396
B9: Level 3 | E9: 12 | F9: 18 | G9: 0.6 | I9: 165 | J9: 148 | K9: 155 | L9: 214 | M9: 508 | N9: 510 | O9: 618 | P9: 485 | Q9: 467 | R9: 594
E10: 26 | F10: 30 | I10: 275 | J10: 245 | K10: 259 | L10: 357 | M10: 847 | N10: 850 | O10: 1030 | P10: 808 | Q10: 778 | R10: 990
I11: =I10+J10 -> 520 | K11: =K10+L10 -> 616
I12: March and April | J12: L2 | K12: =J8+I8 -> 207 | P12: L2 | Q12: L3 Opt.
J13: L3 OPT | K13: =J9+I9 -> 313 | L13: =K11+I11 -> 1136 | P13: =(I8+J8)-(I25+J25) -> 74.2 | Q13: =(I9+J9)-(I26+J26) -> 113.8
J14: L2 | K14: =K8+L8 -> 247
J15: L3 OPT | K15: =K9+L9 -> 369
O17: =I11+K11 -> 1136
E19: 2025
E20: JANUARY | F20: FEBRUARY | I20: MARCH | J20: APRIL | K20: MAY | L20: JUNE | M20: JULY | N20: AUGUST | O20: SEPTEMBER | P20: OCTOBER | Q20: NOVEMBER | R20: DECEMBER | T20: PIV sample | U20: QTY
B21: Monthly Volume | E21: 26 | F21: 30 | I21: 275 | J21: 243 | K21: 260 | L21: 357 | M21: 847 | N21: 850 | O21: 1030 | P21: 808 | Q21: 778 | R21: 990 | T21: C43 MOBICA Driver Seat 6WM LHD, L2, FABRIC TEP | U21: 12
B22: Cumulative Volume | E22: 26 | F22: 56 | I22: 331 | J22: 574 | K22: 834 | L22: 1191 | M22: 2037 | N22: 2887 | O22: 3917 | P22: 4725 | Q22: 5503 | R22: 6493 | T22: C43 MOBICA Driver Seat 6WM LHD, L3 opt ALCANTARA / FABRIC | U22: 5
D23: Before SOP | G23: After SOP | T23: C43 MOBICA Rear Seat, L2, FABRIC TEP | U23: 4
B24: Level | G24: Level MIX | T24: C43 MOBICA Rear Seat, L3 opt ALCANTARA / FABRIC | U24: 4
B25: Level 2 | D25: MIX rule not respected | E25: 14 | F25: 12 | G25: 0.4 | I25: =I27*G25 -> 33.6 | J25: =G25*J27 -> 99.2 | K25: =K27*G25 -> 104 | L25: =G25*L27 -> 140.4 | M25: 339 | N25: 340 | O25: 412 | P25: 323 | Q25: 311 | R25: 396 | T25: C43 MOBICA Passenger Seat 6WM LHD, L2 , FABRIC TEP | U25: 3
B26: Level 3 | E26: 12 | F26: 18 | G26: 0.6 | I26: =G26*I27 -> 50.4 | J26: =J27*G26 -> 148.8 | K26: =K27*G26 -> 156 | L26: =G26*L27 -> 210.6 | M26: 508 | N26: 510 | O26: 618 | P26: 485 | Q26: 467 | R26: 594 | T26: C43 MOBICA Passenger Seat 6WM LHD, L3 opt ALCANTARA / FABRIC | U26: 2
E27: 26 | F27: 30 | I27: 84 | J27: 248 | K27: 260 | L27: 351 | M27: 847 | N27: 850 | O27: 1030 | P27: 808 | Q27: 778 | R27: 990
I28: =I27+J27 -> 332 | K28: =K27+L27 -> 611
R29: New L2 | S29: =(K25+L25)-P13 -> 170.2
M30: =K25+L25 -> 244.4 | R30: New L3 Opt | S30: =(K26+L26)-Q13 -> 252.8
F31: 454 | G31: 377 | H31: 207 | I31: =G31-H31 -> 170 | K31: =I28+K28 -> 943 | M31: =K26+L26 -> 366.6 | N31: =O17-K31 -> 193
F32: 682 | G32: 566 | H32: 313 | I32: =G32-H32 -> 253 | Q32: =260-114 -> 146
Q33: =351-74 -> 277
Q35: =Q32+Q33 -> 423

Sheet local
A1: Purchasing
F3: =48*6 -> 288 | G3: =48*8 -> 384
A4: SAP | B4: Descrbtion | C4: EA/M | D4: L2 cons | E4: L3 cons | F4: Units L2 | G4: Units L3 | H4: Total
A5: AML-WIR-Uzig-110 | B5: سلك حرف U متعرج 110 | C5: EA | D5: 2 | E5: 2 | F5: =$F$3*D5 -> 576 | G5: =$G$3*E5 -> 768 | H5: =G5+F5 -> 1344
A6: AML-WIR-Uzig-120 | B6: سلك حرف U متعرج 120 | C6: EA | D6: 2 | E6: 2 | F6: =$F$3*D6 -> 576 | G6: =$G$3*E6 -> 768 | H6: =G6+F6 -> 1344
A7: AML-WIR-Uzig-115 | B7: سلك حرف U متعرج سيتروين 115 | C7: EA | D7: 2 | E7: 2 | F7: =$F$3*D7 -> 576 | G7: =$G$3*E7 -> 768 | H7: =G7+F7 -> 1344
A8: AML-WIR-Uzig-125 | B8: سلك حرف U متعرج 125 | C8: EA | D8: 2 | E8: 2 | F8: =$F$3*D8 -> 576 | G8: =$G$3*E8 -> 768 | H8: =G8+F8 -> 1344
A9: AML-WIR-030 | B9: سلك مقاس 30 | C9: EA | D9: 4 | E9: 4 | F9: =$F$3*D9 -> 1152 | G9: =$G$3*E9 -> 1536 | H9: =G9+F9 -> 2688
A10: AML-WIR-024 | B10: سلك مقاس 24 | C10: EA | D10: 1 | E10: 1 | F10: =$F$3*D10 -> 288 | G10: =$G$3*E10 -> 384 | H10: =G10+F10 -> 672
A11: AML-WIR-020 | B11: سلك مقاس 20 | C11: EA | D11: 2 | E11: 2 | F11: =$F$3*D11 -> 576 | G11: =$G$3*E11 -> 768 | H11: =G11+F11 -> 1344
A12: AML-FBRDC-0001-00 | B12: داكرون | C12: KG | D12: 0.6 | E12: 0.6 | F12: =$F$3*D12 -> 172.8 | G12: =$G$3*E12 -> 230.4 | H12: =G12+F12 -> 403.2
A14: Planning
A16: Foam | F16: 48 | G16: 96
A17: SAP | B17: Descrbtion ENG | C17: Descrbtion AR | D17: L2 cons | E17: L3 cons | F17: Units L2 | G17: Units L3 | H17: Total
A18: ASF-CIT-C43-FO01 | B18: Foam front back RH Citroen C43 | C18: فوم ظهرأمامي يمين سيتروين C43 | D18: 1 | E18: 1 | F18: =$F$16*D18 -> 48 | G18: =$G$16*E18 -> 96 | H18: =F18+G18 -> 144
A19: ASF-CIT-C43-FO02 | B19: Foam front back LH Citroen C43 | C19: فوم ظهرأمامي شمال سيتروين C43 | D19: 1 | E19: 1 | F19: =$F$16*D19 -> 48 | G19: =$G$16*E19 -> 96 | H19: =F19+G19 -> 144
A20: ASF-CIT-C43-FO03 | B20: Foam front cushion RH Citroen C43 | C20: فوم قاعدة أمامي يمين سيتروين C43 | D20: 1 | E20: 1 | F20: =$F$16*D20 -> 48 | G20: =$G$16*E20 -> 96 | H20: =F20+G20 -> 144
A21: ASF-CIT-C43-FO04 | B21: Foam front cushion LH Citroen C43 | C21: فوم قاعدة أمامي شمال سيتروين C43 | D21: 1 | E21: 1 | F21: =$F$16*D21 -> 48 | G21: =$G$16*E21 -> 96 | H21: =F21+G21 -> 144
A22: ASF-CIT-C43-FO05 | B22: Foam back 40% Citroen C43 | C22: فوم ظهر 40% سيتروين C43 | D22: 1 | E22: 1 | F22: =$F$16*D22 -> 48 | G22: =$G$16*E22 -> 96 | H22: =F22+G22 -> 144
A23: ASF-CIT-C43L3-FO06 | B23: Foam back 60% Citroen C43 Lvl 3 | C23: فوم ظهر 60% سيتروين C43 Lvl 3 | D23: 0 | E23: 1 | F23: =$F$16*D23 -> 0 | G23: =$G$16*E23 -> 96 | H23: =F23+G23 -> 96
A24: ASF-CIT-C43L2-FO06 | B24: Citroen Foam C43 Lvl 2 back 60% | C24: فوم سيتروينC43 Lvl 2 ظهر 60% | D24: 1 | E24: 0 | F24: =$F$16*D24 -> 48 | G24: =$G$16*E24 -> 0 | H24: =F24+G24 -> 48
A25: ASF-CIT-C43-FO07 | B25: Foam cushion 100% Citroen C43 | C25: فوم قاعدة خلفي 100% سيتروين C43 | D25: 1 | E25: 1 | F25: =$F$16*D25 -> 48 | G25: =$G$16*E25 -> 96 | H25: =F25+G25 -> 144
A28: SAP | B28: Descrbtion ENG | C28: Descrbtion AR | D28: L2 cons | E28: L3 cons | F28: Units L2 | G28: Units L3 | H28: Total
A29: ASF-CIT-C43L3-CH01 | B29: Chassis Insert Cushion100% Citroen C43L3 | C29: شاسيه 100% قاعدة سيتروين Lvl 3 | D29: 0 | E29: 1 | F29: =$F$16*D29 -> 0 | G29: =$G$16*E29 -> 96 | H29: =G29+F29 -> 96
A30: ASF-CIT-C43L2-CH01 | B30: Chassis Insert Cushion100% Citroen C43L2 | C30: شاسيه 100% قاعدة سيتروين Lvl 2 | D30: 1 | E30: 0 | F30: =$F$16*D30 -> 48 | G30: =$G$16*E30 -> 0 | H30: =G30+F30 -> 48
A32: Trim covers | F32: 48 | G32: 96
A33: SAP | B33: Descrbtion ENG | C33: Descrbtion AR | D33: L2 cons | E33: L3 cons | F33: Units L2 | G33: Units L3 | H33: Total
A34: ASF-C43-L3-TC3-01 | B34: Trim cover Front cushion RH C43 Lvl 3 | C34: كسوة قاعدة أمامي يمين Lvl 3 C43 | D34: 0 | E34: 1 | F34: =$F$32*D34 -> 0 | G34: =$G$32*E34 -> 96 | H34: =G34+F34 -> 96
A35: ASF-C43-L3-TC4-01 | B35: Trim cover Front cushion LH C43 Lvl 3 | C35: كسوة قاعدة أمامي شمال Lvl 3 C43 | D35: 0 | E35: 1 | F35: =$F$32*D35 -> 0 | G35: =$G$32*E35 -> 96 | H35: =G35+F35 -> 96
A36: ASF-C43-L3-TC5-01 | B36: Trim cover back 40% C43 Lvl 3 white | C36: كسوة ظهر 40% Lvl 3 C43 | D36: 0 | E36: 1 | F36: =$F$32*D36 -> 0 | G36: =$G$32*E36 -> 96 | H36: =G36+F36 -> 96
A37: ASF-C43-L3-TC6-01 | B37: Trim cover back 60% C43 Lvl 3 white | C37: كسوة ظهر 60% Lvl 3 C43 | D37: 0 | E37: 1 | F37: =$F$32*D37 -> 0 | G37: =$G$32*E37 -> 96 | H37: =G37+F37 -> 96
A38: ASF-C43-L3-TC7-01 | B38: Trim cover cushion 100% C43 Lvl 3 white | C38: كسوة قاعدة 100% Lvl 3 C43 | D38: 0 | E38: 1 | F38: =$F$32*D38 -> 0 | G38: =$G$32*E38 -> 96 | H38: =G38+F38 -> 96
A39: ASF-C43-L2-TC4-90 | B39: Trim cover Front cushion RH C43 Lvl2 | C39: كسوة قاعدة أمامي يمين Lvl 2 C43 اسود | D39: 1 | E39: 0 | F39: =$F$32*D39 -> 48 | G39: =$G$32*E39 -> 0 | H39: =G39+F39 -> 48
A40: ASF-C43-L2-TC5-90 | B40: Trim cover Front cushion LH C43 Lvl2 | C40: كسوة قاعدة أمامي شمال Lvl 2 C43 اسود | D40: 1 | E40: 0 | F40: =$F$32*D40 -> 48 | G40: =$G$32*E40 -> 0 | H40: =G40+F40 -> 48
A41: ASF-C43-L2-TC6-90 | B41: Trim cover back 40% C43 Lvl 2 Black | C41: كسوة ظهر 40% Lvl 2 C43 اسود | D41: 1 | E41: 0 | F41: =$F$32*D41 -> 48 | G41: =$G$32*E41 -> 0 | H41: =G41+F41 -> 48
A42: ASF-C43-L2-TC7-90 | B42: Trim cover back 60% C43 Lvl 2 Black | C42: كسوة ظهر 60% Lvl 2 C43 اسود | D42: 1 | E42: 0 | F42: =$F$32*D42 -> 48 | G42: =$G$32*E42 -> 0 | H42: =G42+F42 -> 48
A43: ASF-C43-L2-TC8-90 | B43: Trim cover cushion 100% C43 Lvl 2 Black | C43: كسوة قاعدة 100% Lvl 2 C43 اسود | D43: 1 | E43: 0 | F43: =$F$32*D43 -> 48 | G43: =$G$32*E43 -> 0 | H43: =G43+F43 -> 48

Sheet Required orders
A1: Lots required from Stellantis
A2: Month | B2: L2 | C2: L3
A3: June | B3: 1 | C3: 3
A4: July | B4: 6 | C4: 7
A5: Aug | B5: 4 | C5: 6 | F5: =4*48 -> 192
A6: Sep | B6: 4 | C6: 8 | F6: =6*48 -> 288
A7: Oct | B7: 6 | C7: 9
A8: Nov | B8: 5 | C8: 7
A9: Dec | B9: 5 | C9: 7
A10: Sum | B10: =SUM(B3:B9) -> 31 | C10: =SUM(C3:C9) -> 47
